Primary Type,Location Description,2010-01,2010-02,2010-03,2010-04,2010-05,2010-06,2010-07,2010-08,2010-09,2010-10,2010-11,2010-12,2011-01,2011-02,2011-03,2011-04,2011-05,2011-06,2011-07,2011-08,2011-09,2011-10,2011-11,2011-12,2012-01,2012-02,2012-03,2012-04,2012-05,2012-06,2012-07,2012-08,2012-09,2012-10,2012-11,2012-12,2013-01,2013-02,2013-03,2013-04,2013-05,2013-06,2013-07,2013-08,2013-09,2013-10,2013-11,2013-12,2014-01,2014-02,2014-03,2014-04,2014-05,2014-06,2014-07,2014-08,2014-09,2014-10,2014-11,2014-12,2015-01,2015-02,2015-03,2015-04,2015-05,2015-06,2015-07,2015-08,2015-09,2015-10,2015-11,2015-12,2016-01,2016-02,2016-03,2016-04,2016-05,2016-06,2016-07,2016-08,2016-09,2016-10
ASSAULT,ABANDONED BUILDING,,,2.0,,2.0,,,,,,,,2.0,,,,,,2.0,,,2.0,,,,,2.0,,,,,,,,,,,,,,,,,,,,,,2.0,,,,,,,,2.0,,2.0,,,,,,,,,2.0,,,,,,,,,,,,,,
ASSAULT,AIRCRAFT,,,,,,,,,,,,,,,,,,,,,,,,,,,,,,,,,,,,,,,,,,,,,2.0,,,,,,,,,,,,,,,,,,,,,,,,,,,,,,,,,,,,,
ASSAULT,AIRPORT BUILDING NON-TERMINAL - NON-SECURE AREA,,,,,,,,,,,2.0,,,,,,,,,,,,,,,,,,,2.0,,,,,,,,,,,,,,,,,,,,,,,,,,,,,,,,,,,,,,,,,,,,,,,,,,,,
ASSAULT,AIRPORT EXTERIOR - NON-SECURE AREA,,2.0,,,,,,,,,,,,,,,,,,,,,,,,,,,,,,,,,,,,,,,,,,,,,,,,,,,,,,,,,,,,,,,,,,,,4.0,,,,,,,,,,,,
ASSAULT,AIRPORT EXTERIOR - SECURE AREA,,,,,,,,2.0,,,,,,,,,,,,,,,,,,,,,,,,,,,,,,,,,,,,,,,,,,,,,,,,,,,,,,,,,,,,,,,,,,,,,,,,,,
ASSAULT,AIRPORT TERMINAL LOWER LEVEL - NON-SECURE AREA,,,,,,,,,,,,,,,,,,,,,,,,,,,,,,,,,,,,,,,,,,,,,,,,,,,,,,,,,,,,,,,,,,,,,,,,,2.0,,,,,,,,,
ASSAULT,ALLEY,32.0,26.0,12.0,50.0,38.0,32.0,30.0,40.0,28.0,24.0,30.0,32.0,18.0,12.0,28.0,34.0,38.0,22.0,34.0,44.0,40.0,32.0,18.0,20.0,18.0,10.0,22.0,38.0,32.0,44.0,30.0,32.0,24.0,32.0,28.0,26.0,22.0,16.0,26.0,32.0,32.0,56.0,28.0,24.0,26.0,20.0,14.0,16.0,18.0,16.0,24.0,24.0,16.0,38.0,38.0,36.0,32.0,22.0,32.0,26.0,16.0,16.0,8.0,34.0,30.0,28.0,32.0,42.0,32.0,18.0,24.0,18.0,20.0,28.0,42.0,34.0,44.0,62.0,54.0,46.0,40.0,14.0
ASSAULT,APARTMENT,58.0,54.0,60.0,76.0,44.0,52.0,42.0,44.0,58.0,58.0,68.0,50.0,54.0,52.0,62.0,72.0,60.0,38.0,52.0,42.0,54.0,58.0,58.0,76.0,50.0,64.0,56.0,74.0,48.0,36.0,56.0,44.0,54.0,56.0,54.0,62.0,46.0,58.0,44.0,50.0,60.0,36.0,46.0,50.0,66.0,44.0,64.0,58.0,62.0,50.0,60.0,74.0,62.0,46.0,60.0,56.0,36.0,56.0,50.0,62.0,60.0,54.0,42.0,52.0,64.0,60.0,46.0,42.0,50.0,56.0,60.0,64.0,82.0,76.0,60.0,72.0,78.0,52.0,84.0,72.0,66.0,30.0
ASSAULT,APPLIANCE STORE,,,,,,,,,,,,,,,,,,,,,,,,,,,,,,,,,,,,,,,,,,,,,,,,,,,,,,,,,,,,,,,,,,,,,,,2.0,,,,,,,2.0,,,,
ASSAULT,ATHLETIC CLUB,,,,,,,,,,,,,,,,,,,,,,,,2.0,,,,,,,,,2.0,,,,,,,,,2.0,,,,,,,,,,,,,,,,,,,,,,,,,,,,,2.0,,,,,,,,,2.0,,
ASSAULT,ATM (AUTOMATIC TELLER MACHINE),,,,,,,,,,,,,,,,,,,,,,,,,,,,,2.0,,,,,,,,,,,,,,,,,,,,,,,,,,,,,,,,,,,,,,,,,,,,,,,,,,,,,
ASSAULT,BANK,,,,,2.0,,,,,,,,,,,,,,,,,,,,,,,,,,2.0,,,,,,,,,,,,,,,,,,,,,,,,,,,,,,,,,,,,,,,2.0,,,,,,,2.0,2.0,,,,
ASSAULT,BAR OR TAVERN,6.0,2.0,2.0,2.0,,,2.0,,,4.0,6.0,4.0,,2.0,,2.0,2.0,2.0,,,4.0,6.0,2.0,,2.0,4.0,2.0,6.0,4.0,2.0,2.0,,4.0,4.0,2.0,2.0,,,2.0,2.0,2.0,2.0,,,,,,,,,,,,4.0,2.0,2.0,,,,,,2.0,4.0,4.0,,,4.0,2.0,4.0,,6.0,2.0,,,,4.0,2.0,,,,2.0,2.0
ASSAULT,BARBERSHOP,,2.0,2.0,,,2.0,2.0,,,,,,,,,,,,2.0,,2.0,,2.0,,,,2.0,,2.0,,,,,,,,2.0,,,,,,,,,,2.0,,,,,,,,2.0,,,4.0,,,2.0,,4.0,,6.0,4.0,,,2.0,,,2.0,,,,,,2.0,,,2.0,
ASSAULT,BOWLING ALLEY,,,,,,,,,,,,,,,,,,,,,,,,,,,,,,,,,,,,,,,,,,,,,,,,,,,,,,,,,,,,,,,,,,,,2.0,,,,,,,,,,,,,,
ASSAULT,BRIDGE,,,,,,,,,,,,,,,,,2.0,,,,,,,,,,,,,,,,,,,,,,,,,,,,,,,,,,,,,,,,,,,,,,,,,,,,,,,,,,,,,,,,,
ASSAULT,CAR WASH,2.0,,,,,2.0,,,,2.0,,,,,,2.0,,,,,,,,,2.0,,,,,,,2.0,2.0,,,,,,,,,,,,,,,,,,,,,,,,,,,,,,,,2.0,,,,4.0,,2.0,,,2.0,,,2.0,,4.0,,,
ASSAULT,CHA APARTMENT,2.0,4.0,2.0,2.0,4.0,,4.0,2.0,,2.0,4.0,,4.0,,,,4.0,,2.0,4.0,2.0,2.0,2.0,,,,2.0,,,2.0,,4.0,,,6.0,4.0,2.0,,,2.0,,,4.0,2.0,,,2.0,,2.0,,2.0,,4.0,,,,,,2.0,2.0,4.0,,2.0,4.0,,,6.0,,2.0,4.0,2.0,,,2.0,,,4.0,,2.0,2.0,2.0,
ASSAULT,CHA HALLWAY/STAIRWELL/ELEVATOR,,2.0,,,,,,,,,2.0,,,,4.0,2.0,,,2.0,,,,,,,,,,,,2.0,2.0,,,2.0,2.0,2.0,2.0,2.0,,,,,,,,2.0,,,,,,2.0,,2.0,,,,,,,,,,,,,,2.0,,,2.0,,,,,,,2.0,,,
ASSAULT,CHA PARKING LOT/GROUNDS,,,2.0,2.0,,2.0,6.0,2.0,2.0,2.0,6.0,4.0,4.0,,,,8.0,6.0,6.0,2.0,8.0,6.0,2.0,,,2.0,6.0,2.0,4.0,10.0,6.0,6.0,2.0,6.0,,2.0,4.0,2.0,2.0,6.0,4.0,4.0,6.0,8.0,2.0,4.0,,2.0,,,,4.0,14.0,,8.0,2.0,6.0,4.0,2.0,2.0,,2.0,,,4.0,4.0,4.0,2.0,6.0,6.0,8.0,2.0,,,6.0,2.0,2.0,4.0,10.0,6.0,4.0,
ASSAULT,CHURCH/SYNAGOGUE/PLACE OF WORSHIP,,,,,2.0,,,,,,,,,,2.0,2.0,2.0,,4.0,,,,,,,,,,,2.0,,,,,,,2.0,,,,,,2.0,,,,2.0,,,,,2.0,,,,2.0,,,,,,,,,,,,,2.0,,,,2.0,,,,2.0,,,,,
ASSAULT,CLEANING STORE,,,,,,,,,,,,2.0,,,,,,,,,,,,,,,,,,,,,,,,,,,,,,,,,,,,,,,,,,,,,,,,,,,,,,,,,,,,,,,,,,,,,,
ASSAULT,COIN OPERATED MACHINE,,,,,,,,,,,,,,,,,,,,,,,,,,,,,,,,,2.0,,,,,,,,,,,,,,,,,,,,,,,,,,,,,,,,,,,,,,,,,,,,,,,,,
ASSAULT,COLLEGE/UNIVERSITY GROUNDS,,,,,,,,,,,,,,,2.0,,,,,,,,,,,,,,,,,,,,,,,,,2.0,,,,,,,,,,,,,,,,,,,,,,2.0,,,,,,,,,,,,,,,,,,,,
ASSAULT,COMMERCIAL / BUSINESS OFFICE,,,2.0,4.0,,2.0,,2.0,,,,,,2.0,4.0,,,,,,,,,,,2.0,,,,,2.0,2.0,,,,2.0,,,,2.0,,,,2.0,,,,,4.0,,,,,2.0,,2.0,,2.0,,,,,,2.0,,,,,,2.0,2.0,,,2.0,,,,2.0,2.0,2.0,,
ASSAULT,CONSTRUCTION SITE,,,,,,,,,,,,,,,,2.0,,,,,,,,2.0,,,,,,,,,,,,,,2.0,2.0,,,,,,2.0,,,,,,,,,,2.0,,,,,,,,,,,,,,,,,,,,,,,,,,,
ASSAULT,CONVENIENCE STORE,2.0,,,6.0,,,,2.0,,,2.0,4.0,2.0,,2.0,,,2.0,2.0,,2.0,2.0,2.0,,,,,2.0,,2.0,,,2.0,4.0,,4.0,,4.0,,,,,2.0,2.0,4.0,,,6.0,4.0,2.0,2.0,2.0,,4.0,2.0,4.0,2.0,4.0,,,6.0,2.0,,,4.0,2.0,6.0,2.0,,6.0,,2.0,4.0,2.0,,2.0,2.0,8.0,4.0,4.0,6.0,
ASSAULT,CTA BUS,,2.0,2.0,,,,,2.0,6.0,,,2.0,4.0,,2.0,4.0,4.0,,,2.0,2.0,,2.0,,,,,6.0,2.0,,,2.0,,4.0,,2.0,,,2.0,2.0,4.0,2.0,2.0,,2.0,2.0,,2.0,2.0,2.0,,,,2.0,,2.0,,,2.0,,,6.0,,6.0,4.0,,2.0,10.0,,,,4.0,2.0,4.0,,2.0,2.0,2.0,,4.0,,2.0
ASSAULT,CTA BUS STOP,,,2.0,2.0,2.0,,,,,2.0,2.0,,2.0,,,,2.0,4.0,,,,2.0,4.0,,,,2.0,,2.0,4.0,2.0,,2.0,2.0,,2.0,,2.0,4.0,,2.0,,4.0,2.0,,,,2.0,4.0,,,2.0,4.0,,2.0,2.0,2.0,,4.0,,,2.0,2.0,,,,,,,2.0,,,,2.0,2.0,,,4.0,,,2.0,
ASSAULT,CTA GARAGE / OTHER PROPERTY,,,2.0,,,,,,,,2.0,,,,,,,,,2.0,,,,2.0,,,,,,,,,,2.0,,,,2.0,,,,,,,,,2.0,,,,,,,,,,,,,,,,,,,,,,,,,,,,,,,,,,,
ASSAULT,CTA PLATFORM,,,,2.0,,,4.0,,2.0,4.0,,,2.0,,2.0,2.0,2.0,2.0,,,2.0,,,,,,,,2.0,,,,2.0,2.0,,2.0,,4.0,,,2.0,2.0,,,,,,,,,,,,,2.0,,,2.0,2.0,2.0,2.0,,,,,,,,,,,2.0,,,,,,,4.0,4.0,,
ASSAULT,CTA STATION,,,,,,,,,,,,,,,,,,,,,,,,,,,,,,,,,,,,,,,,,,,,,,,,,,,,2.0,,2.0,,,4.0,,,,,,,,,,2.0,2.0,,,2.0,,2.0,,,4.0,2.0,4.0,2.0,,2.0,
ASSAULT,CTA TRAIN,,,2.0,2.0,2.0,,,,2.0,,,,,2.0,,2.0,,,,,,,,,,,,,,,,2.0,,,,,,,,,,,,,,,,,,,,,,2.0,,,,,,,,,2.0,,,2.0,2.0,,,,,,,2.0,,,2.0,,2.0,,4.0,
ASSAULT,CURRENCY EXCHANGE,,,,,,,,,,,,,,,,,,,,,,,,,,,,,,,,,,,,,,,,,2.0,,,,,,,,,,,,,,,,,,,2.0,,,,,,,,,,,,,,,,,,,,,,
ASSAULT,DAY CARE CENTER,,,,,,,,,,,,,,,,,2.0,,,,,,,,,,,,,,,,,,2.0,,,,,,,,,,,,,,,,,,,,2.0,,,,,,,,,,,,,,,,,,,,2.0,,,,,,,
ASSAULT,DEPARTMENT STORE,,,2.0,,,,,,,,2.0,,,,,,2.0,,,,,,,,,2.0,8.0,6.0,,,,,2.0,,,,,2.0,,,,,,,,4.0,,2.0,,,,2.0,,,4.0,2.0,2.0,2.0,,,2.0,2.0,,,,,4.0,,,,,,,2.0,2.0,2.0,,,,,,
ASSAULT,DRIVEWAY - RESIDENTIAL,,2.0,,4.0,,,2.0,,2.0,2.0,2.0,,,,2.0,2.0,,,,2.0,2.0,,,,4.0,2.0,,2.0,,,,,,,2.0,,,,,,,,,,,,,,4.0,,,2.0,,,4.0,,2.0,,2.0,2.0,2.0,2.0,,,,2.0,,,2.0,2.0,4.0,,,2.0,,2.0,4.0,,2.0,,2.0,
ASSAULT,DRUG STORE,,,,,,,,,,,2.0,,2.0,,,2.0,2.0,,2.0,,,,,,,2.0,,,2.0,,,,,,,,,,,,,2.0,4.0,,,,,10.0,,,,4.0,,,2.0,,,2.0,,,,,,,,2.0,,2.0,2.0,,,,,,,,2.0,,,,,
ASSAULT,FACTORY/MANUFACTURING BUILDING,2.0,,,,,,,,,,,,,,,,,,2.0,,,,,,,,,,,,,,,,,,,,,,2.0,,,,2.0,,2.0,,,,,,,,,,,,,,,,,,,,,,,,,,,,,,,,,,2.0,
ASSAULT,FEDERAL BUILDING,,,,,,,,,,,,,2.0,,,,,,,,2.0,,,,,,,,,,,,,,,,,,,,,,,,,,,,,,,,,,,,,,,,,,,,,,,,,,,,,,,,,,,,,
ASSAULT,FIRE STATION,,,,,2.0,,,,,,,,,,,,,,,,,,,,,,,,,,,,,,,,,,,,,,,,,,,,,2.0,,,,,,,,,,,,,,,,,,,,,,,,,,,,,,,,
ASSAULT,GAS STATION,6.0,6.0,8.0,14.0,6.0,10.0,6.0,12.0,12.0,2.0,2.0,14.0,6.0,4.0,4.0,12.0,8.0,16.0,4.0,18.0,8.0,2.0,12.0,22.0,2.0,6.0,14.0,8.0,6.0,10.0,12.0,4.0,6.0,8.0,6.0,4.0,8.0,,14.0,2.0,,4.0,4.0,6.0,4.0,10.0,8.0,4.0,2.0,8.0,4.0,8.0,4.0,4.0,6.0,2.0,12.0,,2.0,8.0,2.0,,8.0,6.0,8.0,4.0,4.0,4.0,6.0,2.0,8.0,8.0,6.0,6.0,8.0,8.0,10.0,14.0,14.0,12.0,14.0,
ASSAULT,GOVERNMENT BUILDING/PROPERTY,,,2.0,,2.0,,,,2.0,,,,,,2.0,,,6.0,,2.0,,2.0,,2.0,,,,,,,,,2.0,,,4.0,2.0,,,,,2.0,,,,,,,,,,,2.0,,,,,,,,,,,,,,,,2.0,,,,,,,,,,,2.0,,2.0
ASSAULT,GROCERY FOOD STORE,6.0,6.0,6.0,4.0,8.0,6.0,6.0,,4.0,,2.0,2.0,2.0,2.0,,4.0,4.0,,2.0,2.0,6.0,,,,4.0,,2.0,,2.0,2.0,4.0,6.0,2.0,8.0,4.0,,2.0,2.0,2.0,2.0,2.0,,2.0,,,4.0,4.0,,,,6.0,,4.0,4.0,4.0,,2.0,2.0,2.0,2.0,2.0,,6.0,2.0,2.0,2.0,,4.0,2.0,4.0,2.0,2.0,4.0,2.0,,,,2.0,2.0,2.0,6.0,
ASSAULT,HIGHWAY/EXPRESSWAY,,,,,,,,,,2.0,,,2.0,,2.0,,,,,,,,,,,,,,,,,,,,,,,,,2.0,,4.0,,,,,,2.0,,,,,2.0,,,,,,2.0,,,,,,,2.0,2.0,,,,2.0,,,,,,2.0,2.0,2.0,,,
ASSAULT,HOSPITAL BUILDING/GROUNDS,,,,,,,2.0,,,2.0,2.0,,,,,,,,,2.0,,,2.0,,,,,,,2.0,2.0,2.0,2.0,,2.0,,,,,2.0,,,2.0,,,,4.0,,,,6.0,,4.0,,2.0,2.0,2.0,,,2.0,2.0,2.0,,2.0,2.0,,,,,4.0,2.0,2.0,,,,2.0,,,,,2.0,
ASSAULT,HOTEL/MOTEL,,2.0,,,,2.0,,,,,,,2.0,2.0,,,2.0,,,2.0,2.0,,,2.0,2.0,,2.0,,,2.0,,,,2.0,,,,,,2.0,,,,,,,,,,,,,2.0,2.0,2.0,,,,,,2.0,2.0,,,,,2.0,,,2.0,,2.0,,4.0,,2.0,2.0,,,2.0,,
ASSAULT,JAIL / LOCK-UP FACILITY,,,,,,,,,,,,,,,,,,,,,,,,,,,,,,,,,,,,,,,,,,,,,,,,,,,,,,,,,,,,,,2.0,,,,,,,,,,,,,,,,,,,,
ASSAULT,LAKEFRONT/WATERFRONT/RIVERBANK,,,,,,,,,,,,,,,,,,2.0,,,,,,,,,,,,,2.0,,,,,,,,,,,,,,,,,,,,2.0,,,,,,,,,,,,,,,,,,,,,,,,,,,2.0,,,,
ASSAULT,LIBRARY,,,,,,,,,,,,,,,,,,,,,,,,,,,,,,,,,,,,,,,,,,,2.0,2.0,,,,,,,,,,,,,,,,,,,,,,,,,,,,,,,,,,,,,,
ASSAULT,MEDICAL/DENTAL OFFICE,,,,,,,,2.0,,,,,,,,,,,,,,,,,,,,,,2.0,,,,,,2.0,,,,,,,,,,,,,,,,,,,,,,,,,,,,,,,2.0,,2.0,,,,,,,,,,,,,
ASSAULT,NEWSSTAND,,,,,,,,,,,,,,,,,,,,,,,,,,,,,,,,,,,,,,,,,,,,,,,,,,,2.0,,,,,,,,,,,,,,,,,,,,,,,,,,,,,,,
ASSAULT,NURSING HOME/RETIREMENT HOME,,,,,,,,,,2.0,,,,2.0,2.0,,2.0,,,,,,,2.0,,,,,,2.0,,,,,,,,,,,,,,,,,,,,,,2.0,,,,,,,,,,,,,,,,,,,,,2.0,,,,,,2.0,,,
ASSAULT,OTHER,8.0,10.0,6.0,14.0,8.0,6.0,16.0,14.0,26.0,8.0,8.0,4.0,4.0,6.0,12.0,18.0,10.0,10.0,14.0,10.0,12.0,18.0,8.0,20.0,8.0,8.0,10.0,2.0,10.0,10.0,6.0,12.0,6.0,20.0,8.0,10.0,8.0,2.0,8.0,8.0,10.0,4.0,8.0,2.0,8.0,8.0,6.0,6.0,,6.0,6.0,6.0,14.0,12.0,4.0,2.0,14.0,8.0,8.0,12.0,,6.0,6.0,4.0,4.0,14.0,12.0,12.0,10.0,8.0,4.0,12.0,6.0,10.0,12.0,16.0,10.0,8.0,12.0,12.0,8.0,8.0
ASSAULT,OTHER COMMERCIAL TRANSPORTATION,,,,,,,,,,,,,,,,,,2.0,,,2.0,,,,,,,,,,,,,,,,,,,,,,,,,,,,,,,,,,,,,,,,,,,,2.0,,,,,,,,,,,,,,,,,
ASSAULT,OTHER RAILROAD PROP / TRAIN DEPOT,,,,,,,,,,,,,,,2.0,,,,,,,,,,,,2.0,,2.0,,,,,,,,,,,,,,,2.0,,,2.0,,,,,,,,,,,2.0,,,,,,,,,,,,,,,2.0,,,,,,,,,
ASSAULT,PARK PROPERTY,2.0,,6.0,10.0,2.0,12.0,8.0,4.0,4.0,2.0,2.0,,2.0,2.0,2.0,6.0,4.0,14.0,8.0,4.0,6.0,,2.0,2.0,,2.0,6.0,2.0,4.0,4.0,6.0,6.0,8.0,2.0,,2.0,,2.0,2.0,4.0,4.0,2.0,10.0,4.0,6.0,4.0,,2.0,,2.0,,6.0,8.0,2.0,14.0,,8.0,6.0,6.0,,,,2.0,4.0,,6.0,8.0,8.0,10.0,4.0,2.0,2.0,,,2.0,8.0,8.0,6.0,8.0,8.0,4.0,2.0
ASSAULT,PARKING LOT/GARAGE(NON.RESID.),6.0,,8.0,16.0,20.0,18.0,20.0,22.0,20.0,20.0,8.0,12.0,10.0,2.0,10.0,18.0,8.0,24.0,16.0,16.0,26.0,4.0,22.0,18.0,8.0,14.0,16.0,18.0,14.0,18.0,20.0,18.0,12.0,14.0,8.0,18.0,14.0,12.0,10.0,14.0,8.0,16.0,6.0,20.0,6.0,10.0,14.0,8.0,6.0,8.0,4.0,22.0,14.0,12.0,4.0,12.0,4.0,4.0,8.0,6.0,8.0,8.0,18.0,14.0,12.0,14.0,24.0,12.0,12.0,26.0,12.0,14.0,26.0,14.0,14.0,18.0,22.0,22.0,26.0,14.0,26.0,4.0
ASSAULT,PAWN SHOP,,,,,,,,,,,,,,,,,,2.0,,,,,,,,,,,,,,,,,,,,2.0,,,,,,,,,,,,,,,,,,2.0,,,,,,,,,,,,,,,,,2.0,,,,,,,,,
ASSAULT,POLICE FACILITY/VEH PARKING LOT,,,,,,,,2.0,,,4.0,,,,,,,2.0,2.0,,2.0,,,,2.0,,,,,,2.0,,,,,,,,,,,,,,,,,,,,,,,2.0,2.0,,,,,,2.0,,,,,,,,2.0,,,,,,,,,,,,,
ASSAULT,RESIDENCE,82.0,52.0,82.0,86.0,68.0,64.0,70.0,56.0,88.0,68.0,72.0,40.0,70.0,48.0,72.0,68.0,66.0,54.0,90.0,54.0,64.0,68.0,56.0,46.0,42.0,46.0,78.0,52.0,48.0,52.0,66.0,56.0,46.0,62.0,52.0,42.0,50.0,60.0,58.0,56.0,84.0,52.0,36.0,60.0,52.0,42.0,46.0,42.0,76.0,26.0,56.0,32.0,48.0,62.0,62.0,76.0,64.0,48.0,50.0,52.0,52.0,54.0,64.0,38.0,52.0,64.0,76.0,70.0,42.0,50.0,52.0,60.0,42.0,66.0,66.0,88.0,68.0,70.0,50.0,74.0,84.0,40.0
ASSAULT,RESIDENCE PORCH/HALLWAY,20.0,18.0,22.0,20.0,26.0,20.0,30.0,36.0,24.0,26.0,20.0,22.0,20.0,6.0,26.0,18.0,22.0,42.0,36.0,22.0,32.0,18.0,18.0,14.0,6.0,6.0,22.0,10.0,34.0,36.0,22.0,36.0,26.0,30.0,24.0,14.0,8.0,14.0,22.0,14.0,14.0,20.0,30.0,22.0,20.0,14.0,6.0,12.0,22.0,12.0,6.0,14.0,18.0,24.0,16.0,32.0,22.0,14.0,20.0,18.0,8.0,8.0,18.0,22.0,20.0,26.0,8.0,24.0,28.0,14.0,12.0,16.0,10.0,8.0,14.0,30.0,26.0,10.0,28.0,18.0,22.0,12.0
ASSAULT,RESIDENCE-GARAGE,2.0,2.0,,2.0,2.0,,2.0,4.0,6.0,,2.0,,,,,,4.0,4.0,,,4.0,4.0,,2.0,4.0,,4.0,4.0,2.0,2.0,,,4.0,4.0,,,2.0,,,,2.0,4.0,2.0,,,,2.0,,,,,,,2.0,2.0,,2.0,2.0,,2.0,2.0,,2.0,2.0,2.0,2.0,4.0,,4.0,6.0,,4.0,,,,4.0,2.0,,2.0,2.0,2.0,
ASSAULT,RESIDENTIAL YARD (FRONT/BACK),6.0,4.0,4.0,18.0,16.0,20.0,24.0,24.0,20.0,20.0,14.0,2.0,10.0,16.0,20.0,30.0,22.0,28.0,34.0,20.0,26.0,16.0,14.0,12.0,16.0,12.0,18.0,12.0,20.0,44.0,32.0,32.0,28.0,18.0,10.0,28.0,10.0,6.0,4.0,26.0,14.0,24.0,38.0,20.0,24.0,12.0,14.0,10.0,8.0,6.0,10.0,24.0,20.0,24.0,32.0,22.0,22.0,16.0,20.0,12.0,8.0,8.0,6.0,18.0,26.0,18.0,20.0,22.0,24.0,14.0,16.0,12.0,12.0,6.0,6.0,18.0,28.0,26.0,34.0,38.0,22.0,2.0
ASSAULT,RESTAURANT,8.0,10.0,4.0,6.0,2.0,8.0,4.0,6.0,6.0,4.0,10.0,2.0,2.0,8.0,4.0,4.0,12.0,2.0,2.0,6.0,,4.0,4.0,10.0,2.0,,12.0,2.0,4.0,4.0,4.0,2.0,4.0,10.0,2.0,4.0,4.0,4.0,2.0,2.0,2.0,8.0,2.0,4.0,4.0,2.0,4.0,2.0,8.0,2.0,8.0,2.0,2.0,8.0,,8.0,,4.0,2.0,8.0,6.0,6.0,4.0,2.0,2.0,8.0,8.0,4.0,4.0,4.0,4.0,6.0,2.0,6.0,8.0,6.0,8.0,14.0,6.0,6.0,12.0,8.0
ASSAULT,SAVINGS AND LOAN,,,,,,,,,,,,,,,,,,,,,,,,,,,,,,,,,,,,,,,,,,,,,,,,,,,,,,,,,,,,,,,,2.0,,,,,,,,,,,,,,,,,,
ASSAULT,"SCHOOL, PRIVATE, BUILDING",,,2.0,,,,,,,,,2.0,,,,,,,,,,,,,,,,2.0,,,,,,,,,,,,,,,,,,,,,,,,,,,,2.0,,2.0,,2.0,2.0,,,2.0,,,,,,,,,,,2.0,,,,,,2.0,
ASSAULT,"SCHOOL, PRIVATE, GROUNDS",,,,,2.0,2.0,,,,,,,,2.0,,,,,,,,,,,,2.0,,,,,,,,2.0,,,,,,,,,,,2.0,,,2.0,,,,2.0,,,,,,2.0,,,,,,2.0,2.0,,2.0,,,,,,,,,,2.0,,,,,
ASSAULT,"SCHOOL, PUBLIC, BUILDING",14.0,10.0,14.0,4.0,10.0,,,,4.0,4.0,8.0,10.0,6.0,18.0,10.0,4.0,16.0,6.0,,2.0,10.0,6.0,4.0,14.0,2.0,6.0,10.0,2.0,4.0,,,2.0,2.0,6.0,12.0,2.0,6.0,8.0,6.0,8.0,6.0,2.0,,,2.0,4.0,6.0,,2.0,4.0,,2.0,8.0,4.0,,,4.0,4.0,4.0,4.0,2.0,2.0,10.0,2.0,6.0,4.0,,,2.0,6.0,,,2.0,8.0,8.0,4.0,8.0,,2.0,,6.0,
ASSAULT,"SCHOOL, PUBLIC, GROUNDS",6.0,6.0,2.0,8.0,8.0,2.0,4.0,2.0,6.0,2.0,8.0,2.0,2.0,4.0,6.0,8.0,8.0,4.0,8.0,6.0,6.0,10.0,4.0,6.0,,,4.0,4.0,,,,4.0,,2.0,6.0,,2.0,,,,2.0,,8.0,,,8.0,4.0,,,4.0,6.0,,4.0,2.0,,,4.0,8.0,,4.0,4.0,,4.0,,2.0,,2.0,2.0,2.0,4.0,,,2.0,,2.0,4.0,,,2.0,4.0,4.0,
ASSAULT,SIDEWALK,82.0,60.0,116.0,128.0,150.0,150.0,160.0,148.0,160.0,142.0,120.0,58.0,62.0,64.0,78.0,134.0,128.0,174.0,166.0,142.0,112.0,122.0,92.0,80.0,56.0,58.0,126.0,102.0,152.0,126.0,134.0,170.0,132.0,138.0,110.0,70.0,100.0,60.0,76.0,84.0,98.0,104.0,102.0,130.0,114.0,86.0,52.0,54.0,36.0,36.0,56.0,92.0,120.0,84.0,128.0,86.0,136.0,114.0,56.0,66.0,58.0,36.0,68.0,74.0,108.0,96.0,134.0,110.0,104.0,106.0,84.0,90.0,76.0,62.0,144.0,80.0,128.0,112.0,156.0,150.0,134.0,40.0
ASSAULT,SMALL RETAIL STORE,,8.0,2.0,2.0,2.0,,2.0,6.0,,10.0,2.0,2.0,4.0,2.0,8.0,8.0,4.0,,6.0,6.0,8.0,6.0,6.0,10.0,,2.0,6.0,8.0,6.0,4.0,8.0,2.0,8.0,6.0,,12.0,4.0,,4.0,10.0,2.0,4.0,,4.0,2.0,2.0,6.0,2.0,2.0,4.0,6.0,,4.0,8.0,2.0,2.0,2.0,6.0,4.0,10.0,4.0,2.0,2.0,4.0,2.0,,,8.0,2.0,4.0,6.0,10.0,4.0,2.0,4.0,8.0,4.0,6.0,,12.0,10.0,4.0
ASSAULT,SPORTS ARENA/STADIUM,,,,2.0,,,,4.0,,,,,2.0,,,,,,,,,,,,,,,,,,,,2.0,,,,,,2.0,,,,,,,,,,,,,,2.0,,,,,,,,,,,,4.0,,,,2.0,,,,,,,,,,,,,2.0
ASSAULT,STREET,152.0,186.0,236.0,240.0,260.0,274.0,276.0,206.0,210.0,214.0,166.0,102.0,146.0,142.0,164.0,190.0,218.0,234.0,250.0,212.0,224.0,210.0,148.0,132.0,104.0,134.0,232.0,194.0,196.0,236.0,212.0,204.0,194.0,150.0,170.0,142.0,148.0,116.0,136.0,154.0,228.0,196.0,154.0,168.0,138.0,162.0,130.0,132.0,120.0,90.0,154.0,152.0,226.0,218.0,168.0,196.0,184.0,184.0,124.0,144.0,130.0,108.0,184.0,208.0,232.0,204.0,248.0,216.0,190.0,174.0,150.0,144.0,174.0,200.0,286.0,242.0,334.0,312.0,276.0,292.0,268.0,92.0
ASSAULT,TAVERN/LIQUOR STORE,4.0,,2.0,,2.0,,,2.0,,2.0,,,2.0,2.0,,,,,,,,2.0,,2.0,,,,,,,,,,,,4.0,,,,,,,,4.0,,,,,,,2.0,,,,2.0,,2.0,2.0,2.0,2.0,,2.0,2.0,6.0,,,2.0,2.0,,,,,,,,2.0,,,,2.0,2.0,
ASSAULT,TAXICAB,,,,,,,2.0,,,,,2.0,,,2.0,2.0,,,,,,,,,,,,,,,,,,,,,,,2.0,,,,,,2.0,,,,,,2.0,,,,,,,,,,,,2.0,,2.0,,,,,,,,,,,,,,,,,
ASSAULT,VACANT LOT/LAND,,2.0,2.0,2.0,4.0,,2.0,,2.0,2.0,,,2.0,,2.0,,,4.0,2.0,,,,,,,,,2.0,2.0,2.0,2.0,,,,,2.0,2.0,,2.0,,,,2.0,2.0,,,,,,,,2.0,,2.0,2.0,,2.0,,,,,,,,,,,2.0,2.0,,,2.0,2.0,4.0,,,2.0,,,,,
ASSAULT,VEHICLE - OTHER RIDE SERVICE,,,,,,,,,,,,,,,,,,,,,,,,,,,,,,,,,,,,,,,,,,,,,,,,,,,,,,,,,,,,,,,,,,2.0,,,,,,,,,,,2.0,,,,,
ASSAULT,VEHICLE NON-COMMERCIAL,,10.0,6.0,12.0,12.0,6.0,8.0,2.0,8.0,14.0,4.0,8.0,4.0,10.0,4.0,2.0,8.0,10.0,8.0,2.0,16.0,8.0,4.0,4.0,6.0,4.0,6.0,8.0,10.0,6.0,4.0,8.0,6.0,4.0,4.0,,2.0,4.0,,6.0,4.0,6.0,6.0,4.0,4.0,6.0,2.0,6.0,4.0,2.0,2.0,8.0,2.0,6.0,10.0,10.0,4.0,10.0,4.0,12.0,8.0,2.0,2.0,6.0,10.0,2.0,12.0,8.0,2.0,8.0,6.0,8.0,4.0,8.0,12.0,8.0,10.0,10.0,4.0,10.0,10.0,6.0
ASSAULT,VEHICLE-COMMERCIAL,,4.0,,,2.0,,,,,2.0,,,2.0,,2.0,,,,,,,,,,,,,2.0,,,,,,,,,,,,,,,2.0,,,,,,,,2.0,,,,,,,,,,,,,,2.0,,,,,,,,2.0,,,,,,,2.0,,
ASSAULT,WAREHOUSE,,,,,,,,,,,,,,,,,,2.0,2.0,,,,,,,,,,,,4.0,,,,,2.0,,,,,,,,,,,,,,,2.0,2.0,,,,,,,,,,,,,,,,,,,,,,,,,,,,,,
BATTERY,ABANDONED BUILDING,2.0,,,,4.0,,,,,,,2.0,,,,,,,,,,,,,2.0,,,2.0,2.0,2.0,,,,2.0,,,,,,,,,2.0,2.0,,,2.0,2.0,,,,2.0,,,,,,,,,,,,,,,,4.0,,,,,,2.0,,,,,2.0,,,
BATTERY,AIRPORT EXTERIOR - NON-SECURE AREA,,,2.0,,,,,,,,,,,,,,,,,,,2.0,,,,,,,,,,,,,,,,,,,,,,,,,,,,,,,,,,,,,,,,,,,,,,,,,,,,,,,,,,2.0,,
BATTERY,AIRPORT PARKING LOT,,,,,,,,,,,,,,,,,,,,,,,,,,,,,,,,,,,,,,,,,,,,,,,,,,,,,,,,2.0,,,,,,,,,,,,,,,,,,,,2.0,,,,,,
BATTERY,AIRPORT TERMINAL LOWER LEVEL - NON-SECURE AREA,,,,,,,,,,,,,,,,,,,,,,,,,,,,,,,,,,,,,2.0,,,,,,,,,,,,,,,,,,,,,,,,,,,,,,2.0,,,,,,,,,,,,,,,
BATTERY,ALLEY,10.0,18.0,42.0,72.0,60.0,50.0,54.0,36.0,54.0,46.0,54.0,12.0,28.0,10.0,38.0,50.0,52.0,78.0,64.0,44.0,40.0,50.0,46.0,38.0,24.0,26.0,56.0,50.0,62.0,34.0,64.0,50.0,40.0,54.0,44.0,32.0,18.0,22.0,24.0,44.0,42.0,38.0,52.0,56.0,36.0,40.0,12.0,24.0,22.0,12.0,20.0,34.0,46.0,50.0,68.0,46.0,40.0,50.0,22.0,34.0,20.0,4.0,30.0,44.0,54.0,58.0,52.0,50.0,30.0,30.0,38.0,38.0,36.0,16.0,52.0,40.0,66.0,60.0,60.0,50.0,56.0,22.0
BATTERY,ANIMAL HOSPITAL,,,,,,,,,,,,,,,,,,,,,,,,,,,,,,,,,,,,,,,,,,,,,,,,,,,,2.0,,,,,,,,,,,,,,,,,,,,,,,,2.0,,,,,,
BATTERY,APARTMENT,132.0,86.0,150.0,94.0,114.0,124.0,100.0,150.0,102.0,114.0,106.0,136.0,112.0,78.0,114.0,134.0,104.0,88.0,106.0,98.0,80.0,100.0,92.0,80.0,114.0,88.0,106.0,88.0,90.0,88.0,120.0,104.0,84.0,96.0,110.0,66.0,90.0,70.0,108.0,94.0,82.0,108.0,102.0,80.0,98.0,96.0,96.0,80.0,88.0,70.0,84.0,90.0,92.0,84.0,92.0,60.0,62.0,84.0,64.0,96.0,92.0,74.0,74.0,102.0,104.0,90.0,118.0,104.0,110.0,76.0,94.0,94.0,80.0,86.0,98.0,98.0,114.0,100.0,88.0,100.0,74.0,32.0
BATTERY,APPLIANCE STORE,,,,,,,,,,,,,,,,,,,,,,,,2.0,,,,2.0,,,,,,,,,,,,,,,,,,,,,,,,,,,,,,,,,,,,,,,,,,,,,,,,,,,,,,
BATTERY,ATHLETIC CLUB,,,,,,,,,,,,,,,,,2.0,,,,,,,,,,,,,,,,,,,,,,,,2.0,,,,,,,,,,,,2.0,,,,,,,,,,,2.0,,,,,,,,,,,,,,,,,,
BATTERY,ATM (AUTOMATIC TELLER MACHINE),,,,,,,,,,,,,,,,,,,,,,,,,,,,,,,,,,,,,,,,,,,,,,,,,,,,,,,,,,,,,,,,,,,,,,,,,,,,,2.0,,,,,
BATTERY,BANK,,,,,2.0,2.0,,,,,,,,,,,,,,,,,,,2.0,,,,,,,2.0,,,,,,,,,,,,,2.0,,,,,,,,,,,,,,,,,,,,,,,,,,,,,,2.0,,,,,,,
BATTERY,BAR OR TAVERN,20.0,22.0,24.0,20.0,18.0,12.0,14.0,12.0,18.0,14.0,8.0,16.0,14.0,12.0,26.0,26.0,8.0,16.0,16.0,12.0,18.0,16.0,16.0,14.0,16.0,24.0,8.0,18.0,10.0,18.0,10.0,8.0,22.0,12.0,6.0,18.0,10.0,18.0,16.0,6.0,4.0,6.0,10.0,4.0,,12.0,2.0,10.0,14.0,16.0,10.0,14.0,10.0,6.0,12.0,6.0,18.0,4.0,16.0,16.0,4.0,6.0,10.0,12.0,,,10.0,2.0,8.0,8.0,6.0,14.0,18.0,2.0,10.0,10.0,16.0,6.0,14.0,10.0,2.0,
BATTERY,BARBERSHOP,,,,,2.0,,4.0,,,,,,,,,,2.0,2.0,,2.0,2.0,,2.0,,2.0,2.0,2.0,,,,2.0,,,4.0,,,,,,2.0,2.0,,,2.0,,,,,,,4.0,,,,,2.0,2.0,,2.0,,4.0,,2.0,,,,,,2.0,6.0,,2.0,,,2.0,,,,,,,
BATTERY,BOAT/WATERCRAFT,,,,,,,,,,,,,,,,,,,,,,,,,,,,,,,,,,,,,,,,,,,,,,,,,,,,,,,,,,,,,,,,,2.0,,,,,,,,,,,,,,,,,
BATTERY,BOWLING ALLEY,,,,,,,,,,,,,,,,,,,,,,,,,,,,,,,,,,,,,,,,,,,,,,,,,,,,,,,,,,,,,,,,,2.0,,,,,,,,,,,,,,,,,
BATTERY,BRIDGE,,,,,,,,,,,,,,,,,,,,2.0,,,,,,,,,,,,,2.0,,,,,,,,,,,,,,,,,,,,,,2.0,,,,,,,,,,,,,,,,,,,,,,,2.0,,,,
BATTERY,CAR WASH,,,2.0,2.0,,,2.0,,2.0,2.0,,2.0,,,2.0,,,,,,,2.0,,,,,,,,,,,,,,,,,,,,,,2.0,,,,,,,,,,,,,,,,,,,,,,,2.0,,,,,,2.0,2.0,,2.0,,,,,,
BATTERY,CHA APARTMENT,4.0,2.0,2.0,,2.0,,6.0,,2.0,2.0,2.0,2.0,2.0,4.0,,,2.0,4.0,,,2.0,,2.0,4.0,2.0,6.0,,4.0,2.0,,8.0,4.0,6.0,4.0,,2.0,,2.0,,2.0,4.0,,2.0,,,2.0,,4.0,,,,6.0,4.0,2.0,,,,4.0,,4.0,,2.0,,,2.0,4.0,6.0,4.0,,,4.0,2.0,4.0,6.0,4.0,2.0,4.0,2.0,2.0,2.0,,2.0
BATTERY,CHA HALLWAY/STAIRWELL/ELEVATOR,,2.0,,,2.0,,,,,,2.0,2.0,,,,,,2.0,,,,,,,2.0,,2.0,,,,,,,,,,,,,,,2.0,,,,,,,2.0,,,,,2.0,,,,2.0,,,2.0,,,,,,,,4.0,,,,,,,,,2.0,2.0,2.0,,
BATTERY,CHA PARKING LOT/GROUNDS,2.0,2.0,,2.0,6.0,6.0,10.0,26.0,6.0,8.0,2.0,,,2.0,,,4.0,26.0,,,4.0,6.0,2.0,,6.0,4.0,10.0,8.0,2.0,8.0,8.0,8.0,,2.0,2.0,4.0,14.0,2.0,4.0,2.0,4.0,6.0,6.0,18.0,,8.0,2.0,2.0,2.0,,2.0,8.0,6.0,2.0,10.0,10.0,10.0,2.0,4.0,2.0,4.0,2.0,,4.0,6.0,10.0,4.0,6.0,10.0,8.0,2.0,4.0,6.0,2.0,2.0,4.0,8.0,4.0,10.0,8.0,,
BATTERY,CHURCH/SYNAGOGUE/PLACE OF WORSHIP,,,,2.0,,,,,2.0,2.0,,2.0,,,,,,,,,,,2.0,2.0,,,,,,,,,,,,2.0,,,,,,,,,,,,,,,,,,,,,4.0,,,2.0,,2.0,2.0,,,,,,,,,,,,,2.0,,,2.0,,,
BATTERY,CLEANING STORE,,,,,,,,,,,,,,,,,,,,,,,,,,,,,,,,,,,,,,,,,,,,,,,,,,,,,,2.0,,,,,,,2.0,,,2.0,,,2.0,,,,,,,,,,,,,,,
BATTERY,COIN OPERATED MACHINE,,,,,,,,,,,,,,,2.0,,,,,,,,,,,,,,,,,,,,,,,,,,,,,,,,,,,,,,,,,,,,,,,,,,,,,,,,,,,,,,,,,,,
BATTERY,COLLEGE/UNIVERSITY GROUNDS,,,,,,,,,,2.0,,,,,,,,,,,,,,,,,,,,,,,,2.0,,,,,,,,,,,,,,2.0,,,,,,,,,,,,,,,,,,,2.0,,,,,,,,,,,,,,,
BATTERY,COLLEGE/UNIVERSITY RESIDENCE HALL,,,2.0,,,,,,,,,,,,,,,,,,,,,,,,,,,,,,,,,,,,,,,,,,,,,,,,,,,,,,,,,,,,,,,,,,,,,,,,,,,,,,,
BATTERY,COMMERCIAL / BUSINESS OFFICE,,2.0,,,4.0,,,,2.0,,,,,,,2.0,,,,,,,,,2.0,,,,,,2.0,,,,,,,,,,,,,,,,,,2.0,,,,2.0,,,,,,,2.0,,,,,,,,2.0,2.0,,2.0,,,,,,,2.0,2.0,,4.0,
BATTERY,CONSTRUCTION SITE,,,,,,,,,2.0,,,2.0,,,,,,,2.0,,,,,,2.0,,,,,,,,,,,,,,,,,,,2.0,,,,,,,,,,,2.0,2.0,,2.0,,,,,,,,,,,,2.0,,,,,,,,,,2.0,,
BATTERY,CONVENIENCE STORE,6.0,,2.0,,,,,,,2.0,,2.0,,,,,,2.0,,,,,,4.0,2.0,,2.0,,4.0,2.0,6.0,,4.0,,,2.0,,4.0,,,2.0,2.0,4.0,,,2.0,,6.0,,,,2.0,,2.0,2.0,2.0,2.0,,2.0,,6.0,2.0,,,2.0,2.0,6.0,,,2.0,,2.0,10.0,4.0,,2.0,6.0,,,2.0,6.0,
BATTERY,CTA BUS,,6.0,8.0,12.0,10.0,4.0,2.0,2.0,4.0,6.0,4.0,2.0,2.0,6.0,2.0,6.0,6.0,8.0,2.0,10.0,6.0,6.0,6.0,2.0,6.0,6.0,2.0,2.0,,2.0,2.0,2.0,,6.0,4.0,2.0,4.0,4.0,4.0,4.0,8.0,2.0,4.0,,,4.0,,2.0,,4.0,2.0,4.0,4.0,6.0,6.0,6.0,2.0,6.0,4.0,8.0,8.0,6.0,2.0,,2.0,8.0,2.0,4.0,6.0,2.0,2.0,2.0,2.0,,4.0,2.0,6.0,2.0,,4.0,2.0,
BATTERY,CTA BUS STOP,2.0,2.0,6.0,4.0,,,6.0,2.0,4.0,6.0,8.0,4.0,,,2.0,,,4.0,,2.0,4.0,2.0,4.0,,2.0,,2.0,2.0,,,2.0,6.0,,2.0,,2.0,,2.0,2.0,8.0,4.0,2.0,8.0,2.0,4.0,4.0,2.0,2.0,2.0,,,2.0,4.0,2.0,6.0,,4.0,2.0,6.0,2.0,,2.0,,2.0,4.0,,,4.0,2.0,4.0,,,2.0,,8.0,2.0,2.0,2.0,4.0,4.0,2.0,
BATTERY,CTA GARAGE / OTHER PROPERTY,,,,,,2.0,,2.0,2.0,2.0,2.0,,2.0,,,,2.0,,2.0,,,,,,,,,,,2.0,,,,,,,,,2.0,,,,,2.0,,,,,,,,,,,,,,,,,,,,,,,2.0,,,,,,,,,,,,,,,
BATTERY,CTA PLATFORM,2.0,4.0,,,,,,2.0,2.0,,,,2.0,,4.0,,4.0,,2.0,,,2.0,,2.0,,,2.0,,4.0,,4.0,2.0,,2.0,2.0,,,,2.0,,,,2.0,,,2.0,,4.0,,,,,4.0,,2.0,2.0,,4.0,,,,2.0,2.0,,,,2.0,,,2.0,,,2.0,2.0,4.0,,2.0,,,,2.0,
BATTERY,CTA STATION,,,,,,,,,,,,,,,,,,,,,,,,,,,,,,,,,,,,,,,,,,,,,,,,,,,,,,,,,2.0,,,2.0,,2.0,,,,,2.0,,,2.0,,,,,2.0,2.0,4.0,2.0,,2.0,2.0,2.0
BATTERY,CTA TRAIN,,,,2.0,2.0,4.0,,,2.0,2.0,2.0,2.0,,,,,2.0,2.0,2.0,,,,,4.0,2.0,2.0,,2.0,,,,,2.0,2.0,2.0,,2.0,2.0,2.0,,,2.0,,,,,,,,2.0,,,,,2.0,,2.0,2.0,2.0,,4.0,2.0,,,2.0,2.0,2.0,2.0,,2.0,,,,2.0,,,,4.0,,,2.0,2.0
BATTERY,CURRENCY EXCHANGE,,,,,,,,,,,,,,,,,,,,2.0,,,,,,,,,,,,,,,,,,,,,,,,,,,,,,,,,2.0,,,,,,,,,,,,,,,,,,,2.0,,,2.0,,,,,,,
BATTERY,DAY CARE CENTER,,,,,,,2.0,2.0,,,,,,,,,,,,,,,,,,,,,,,,,,,,,,,,,,,,,,,,,,,,,,,,,,,,,,,,,,,,,,,,,,,,,,,,2.0,,
BATTERY,DEPARTMENT STORE,,2.0,,,,2.0,,,,,,,,,,,,,2.0,,,,2.0,2.0,,,,,,,,,,,,,,,,,,,,,2.0,,,,,,,,,2.0,,2.0,2.0,,,,2.0,,,,,,,,,,,2.0,,,2.0,2.0,,4.0,2.0,,,
BATTERY,DRIVEWAY - RESIDENTIAL,,,,2.0,2.0,4.0,,,2.0,,4.0,,,,2.0,2.0,4.0,,2.0,4.0,2.0,,,,2.0,,,,,,,,2.0,,,,,,2.0,,,,,2.0,2.0,,,,2.0,,,,2.0,4.0,,,2.0,4.0,,,,,,2.0,4.0,2.0,2.0,,,2.0,2.0,2.0,,,,4.0,,2.0,,,,
BATTERY,DRUG STORE,,,,2.0,2.0,,,,,,,,,,,,,2.0,,,2.0,,,,,,,,,,,,,,,,,,,,2.0,,,,,2.0,,,,,,,,,,,,,,,,2.0,,2.0,,,,,,,2.0,2.0,2.0,,,2.0,2.0,,,,2.0,
BATTERY,FACTORY/MANUFACTURING BUILDING,,,,4.0,,,,,,,,,,2.0,,,,,,,,,,,,,,,,,2.0,,,,,,2.0,,,2.0,,,,,2.0,,2.0,,2.0,,,2.0,,,,,,,2.0,,,2.0,,,,,,,,,,,,,,,,,,,,
BATTERY,FOREST PRESERVE,,,,,,,,,,,,,,,,,,,,,,2.0,,,,,,,,,,,,,,,,,,,,,,,,,,,,,,,,,,,,,,,,,,,,,,2.0,,,,,,,,,,,,,,
BATTERY,GAS STATION,6.0,4.0,8.0,8.0,12.0,16.0,8.0,10.0,16.0,10.0,6.0,4.0,8.0,4.0,14.0,8.0,2.0,20.0,14.0,16.0,6.0,10.0,12.0,10.0,4.0,2.0,10.0,12.0,8.0,18.0,2.0,8.0,8.0,8.0,8.0,10.0,4.0,4.0,8.0,8.0,6.0,8.0,4.0,4.0,2.0,6.0,4.0,,8.0,4.0,6.0,4.0,6.0,8.0,6.0,14.0,4.0,10.0,4.0,10.0,2.0,6.0,14.0,18.0,8.0,6.0,16.0,10.0,20.0,16.0,2.0,12.0,4.0,8.0,14.0,4.0,4.0,6.0,12.0,12.0,8.0,6.0
BATTERY,GOVERNMENT BUILDING/PROPERTY,2.0,,2.0,,,,,2.0,,,,,2.0,,,2.0,,,,,,,,2.0,,,,,,,,,,,,,,,,,,,,,2.0,,,,,,,,,,,,2.0,,,,2.0,2.0,,,,,2.0,,,,,2.0,2.0,,,,,,,,2.0,
BATTERY,GROCERY FOOD STORE,4.0,2.0,,,,4.0,4.0,,2.0,,2.0,2.0,,,,6.0,4.0,2.0,,,,4.0,4.0,,,,2.0,,2.0,2.0,4.0,,6.0,2.0,2.0,2.0,2.0,,,,,,2.0,,,,2.0,,,,2.0,,4.0,,,,2.0,2.0,,,4.0,,,,6.0,,4.0,2.0,2.0,4.0,2.0,2.0,2.0,,6.0,2.0,,2.0,8.0,4.0,2.0,
BATTERY,HIGHWAY/EXPRESSWAY,2.0,,,,,,,,,,,,,,,,,,,,,,,,,,,,,,,,,,,,,2.0,,,,,,,,2.0,,,,,,,,,,,,,,,,,,,,,,,,,,,,,,2.0,2.0,,,,,
BATTERY,HOSPITAL BUILDING/GROUNDS,2.0,2.0,2.0,2.0,,,2.0,2.0,4.0,,,2.0,2.0,4.0,6.0,,,2.0,2.0,,,2.0,4.0,,,2.0,4.0,2.0,2.0,,2.0,2.0,2.0,,,2.0,,,2.0,,2.0,,2.0,2.0,,2.0,2.0,2.0,,,2.0,2.0,,,,2.0,2.0,,,,,2.0,,2.0,2.0,2.0,,2.0,4.0,,,4.0,4.0,2.0,,,4.0,4.0,,2.0,2.0,
BATTERY,HOTEL/MOTEL,,,2.0,2.0,2.0,,,2.0,6.0,,,2.0,2.0,,4.0,2.0,,,,,,,,6.0,,2.0,,2.0,,,2.0,,,2.0,6.0,2.0,4.0,,4.0,,2.0,,,,2.0,6.0,2.0,,6.0,2.0,4.0,2.0,,,,2.0,,,,2.0,2.0,4.0,4.0,,2.0,,,4.0,,2.0,4.0,,4.0,2.0,2.0,2.0,,,,2.0,,
BATTERY,JAIL / LOCK-UP FACILITY,,,,,,,,,,,,,,,,,,,,,,,,,,,,,,,,,,,,,,,2.0,,,,,,,,,,,,,,,,,,,,,,,,,,,4.0,,,,,,,,,,2.0,,,,,,
BATTERY,LAKEFRONT/WATERFRONT/RIVERBANK,,,,,,,,,,,,,,,,2.0,,,,,,2.0,,,,,,,,,,,,,,,,,,,2.0,,,2.0,,,,,,,,,,2.0,,,,,,,,,,2.0,,,,,,,,,,,,,,2.0,,2.0,,
BATTERY,LIBRARY,,,,,,,,,,,,,,,,6.0,,,,,,,,,,,,,,,,,,,,,,,,,,,,,,,,,,,,,4.0,,,,,,,,,,2.0,,2.0,,,,,,2.0,,,,,,,,,,,
BATTERY,MEDICAL/DENTAL OFFICE,,,,,2.0,,,,2.0,,,,,,,,,,,,,,,,,,,,,,,,,,,,,,,,,,,,,,,,,,,,,,,,,,,,,,,,,,2.0,,,,,,,,2.0,,,,,,,
BATTERY,MOVIE HOUSE/THEATER,,,,,,,,,,,2.0,,,,,,,,,,,,,,,,,,,,,2.0,,,,,,,,,,,,,,,,,,,,,,,,,,,,,,,,,,,,,,,,,,,,,,,,,,2.0
BATTERY,NURSING HOME/RETIREMENT HOME,,2.0,6.0,,2.0,6.0,,,,4.0,,2.0,,,,4.0,,,,,,,,,,,,2.0,2.0,,6.0,,,,2.0,4.0,,,2.0,,,,2.0,,,,2.0,,,,,,,2.0,,,,2.0,,,,,,,2.0,,2.0,,2.0,,2.0,,,,,,,,,2.0,,
BATTERY,OTHER,18.0,6.0,28.0,24.0,20.0,28.0,34.0,34.0,10.0,8.0,14.0,12.0,14.0,2.0,8.0,12.0,22.0,18.0,16.0,26.0,24.0,12.0,8.0,10.0,16.0,14.0,6.0,10.0,22.0,12.0,10.0,10.0,18.0,12.0,10.0,10.0,12.0,8.0,18.0,14.0,12.0,16.0,16.0,18.0,12.0,6.0,10.0,10.0,4.0,8.0,4.0,12.0,16.0,4.0,14.0,6.0,16.0,16.0,4.0,12.0,4.0,10.0,4.0,16.0,24.0,18.0,12.0,14.0,14.0,18.0,10.0,14.0,12.0,6.0,10.0,10.0,16.0,22.0,2.0,16.0,18.0,2.0
BATTERY,OTHER COMMERCIAL TRANSPORTATION,,,,2.0,,2.0,2.0,,,,,,,,,,2.0,,,,2.0,,,,,,,,2.0,,,,,,,2.0,,,,,,,,,,,,,,,,,,,,,,,,,,,,,,2.0,,,,,,,,,,,,,,,,
BATTERY,OTHER RAILROAD PROP / TRAIN DEPOT,,2.0,,,,,2.0,,,,,,,,,,,,,,,2.0,,,,,,,,,,,,,,,,,,,,,,,,,,2.0,,,,,2.0,,,,2.0,,,,,,,,,,,,,2.0,,,,,,,,,,,,
BATTERY,PARK PROPERTY,,,14.0,18.0,20.0,30.0,34.0,34.0,16.0,22.0,8.0,,2.0,4.0,4.0,30.0,18.0,32.0,24.0,24.0,10.0,6.0,8.0,,4.0,2.0,16.0,,16.0,18.0,34.0,22.0,18.0,12.0,8.0,2.0,6.0,,2.0,10.0,20.0,18.0,20.0,18.0,10.0,12.0,6.0,2.0,,,2.0,6.0,8.0,26.0,16.0,14.0,6.0,8.0,,2.0,,,8.0,8.0,20.0,12.0,22.0,10.0,16.0,4.0,6.0,4.0,,2.0,8.0,18.0,20.0,18.0,16.0,30.0,18.0,8.0
BATTERY,PARKING LOT/GARAGE(NON.RESID.),12.0,12.0,10.0,24.0,26.0,28.0,28.0,20.0,22.0,30.0,16.0,12.0,18.0,8.0,26.0,16.0,30.0,26.0,32.0,20.0,18.0,18.0,14.0,14.0,8.0,8.0,18.0,20.0,18.0,22.0,20.0,12.0,16.0,16.0,30.0,10.0,10.0,10.0,2.0,6.0,14.0,20.0,20.0,18.0,20.0,10.0,16.0,8.0,4.0,14.0,18.0,22.0,20.0,16.0,10.0,24.0,14.0,18.0,14.0,16.0,16.0,14.0,12.0,8.0,16.0,14.0,20.0,30.0,8.0,14.0,18.0,18.0,16.0,8.0,16.0,24.0,16.0,36.0,18.0,12.0,8.0,10.0
BATTERY,PAWN SHOP,,,,,,,,,,,,,,,,,,,,,,,2.0,,,,,,,,,,,,,,,,,,,,,,,,,,,,,,,,,,,,,,,,,,,,,,,,,,,,,,,,,,,
BATTERY,POLICE FACILITY/VEH PARKING LOT,,,,,,2.0,,,,,,,,,,2.0,,,,,2.0,,,,,,,,,,,,,,,,,,,,,,,,,,,,,,,,,,,,,,,,,2.0,,,,,,,,,,,,,,,,,,,,
BATTERY,POOL ROOM,,2.0,,,,2.0,,,,,,,,,,,,,,,,,,,,2.0,,2.0,,,,,,,,,,,,,,2.0,,,2.0,,,,,,,,,,,2.0,,,,,,,,,2.0,,,,,,,,,,,,,,,,2.0,
BATTERY,RESIDENCE,72.0,74.0,120.0,114.0,80.0,120.0,118.0,106.0,88.0,100.0,106.0,84.0,128.0,68.0,88.0,98.0,88.0,82.0,108.0,94.0,64.0,80.0,78.0,106.0,62.0,50.0,70.0,80.0,82.0,64.0,94.0,78.0,50.0,64.0,50.0,58.0,78.0,72.0,66.0,56.0,70.0,82.0,82.0,64.0,58.0,58.0,68.0,50.0,40.0,44.0,68.0,82.0,88.0,106.0,68.0,92.0,70.0,74.0,98.0,76.0,86.0,46.0,72.0,80.0,92.0,78.0,74.0,94.0,68.0,72.0,82.0,72.0,88.0,70.0,68.0,66.0,90.0,70.0,96.0,122.0,100.0,36.0
BATTERY,RESIDENCE PORCH/HALLWAY,30.0,8.0,34.0,32.0,28.0,52.0,82.0,48.0,42.0,28.0,16.0,12.0,22.0,10.0,18.0,26.0,36.0,40.0,56.0,36.0,30.0,24.0,18.0,24.0,18.0,16.0,30.0,28.0,34.0,32.0,52.0,46.0,30.0,34.0,22.0,16.0,18.0,14.0,22.0,18.0,26.0,52.0,46.0,34.0,36.0,32.0,12.0,24.0,8.0,16.0,18.0,26.0,32.0,48.0,62.0,26.0,26.0,34.0,10.0,18.0,6.0,12.0,28.0,24.0,36.0,42.0,38.0,38.0,38.0,26.0,12.0,16.0,24.0,12.0,20.0,34.0,30.0,42.0,30.0,54.0,24.0,16.0
BATTERY,RESIDENCE-GARAGE,2.0,2.0,2.0,8.0,2.0,2.0,8.0,6.0,2.0,,,2.0,2.0,,,,8.0,4.0,2.0,2.0,,2.0,4.0,,,,2.0,2.0,4.0,8.0,2.0,2.0,,4.0,,,,,,2.0,,4.0,8.0,,4.0,,,2.0,,2.0,2.0,4.0,,2.0,2.0,4.0,,4.0,4.0,2.0,2.0,,,4.0,,2.0,4.0,2.0,4.0,4.0,,4.0,2.0,2.0,,,6.0,2.0,4.0,,8.0,
BATTERY,RESIDENTIAL YARD (FRONT/BACK),8.0,8.0,6.0,32.0,40.0,16.0,28.0,20.0,20.0,18.0,10.0,2.0,10.0,10.0,14.0,20.0,32.0,20.0,36.0,30.0,24.0,26.0,14.0,16.0,12.0,2.0,22.0,14.0,26.0,38.0,46.0,40.0,32.0,14.0,6.0,10.0,2.0,10.0,14.0,4.0,26.0,30.0,26.0,36.0,12.0,12.0,16.0,12.0,6.0,6.0,6.0,28.0,30.0,18.0,52.0,24.0,22.0,12.0,16.0,12.0,6.0,4.0,20.0,12.0,20.0,44.0,36.0,40.0,10.0,18.0,16.0,10.0,6.0,4.0,26.0,32.0,26.0,44.0,28.0,36.0,30.0,12.0
BATTERY,RESTAURANT,6.0,6.0,14.0,4.0,8.0,4.0,4.0,8.0,6.0,4.0,12.0,8.0,14.0,2.0,14.0,10.0,8.0,2.0,8.0,4.0,2.0,8.0,10.0,6.0,4.0,8.0,8.0,4.0,10.0,2.0,4.0,2.0,6.0,2.0,10.0,2.0,4.0,8.0,2.0,4.0,10.0,2.0,6.0,,6.0,6.0,2.0,4.0,2.0,2.0,,6.0,12.0,2.0,2.0,4.0,,10.0,4.0,4.0,4.0,6.0,,8.0,4.0,8.0,,4.0,2.0,4.0,12.0,,4.0,4.0,4.0,8.0,10.0,6.0,6.0,10.0,6.0,
BATTERY,"SCHOOL, PRIVATE, BUILDING",,2.0,4.0,2.0,2.0,,,,,,,2.0,2.0,,2.0,,,,,,2.0,2.0,,,,,,,,2.0,,2.0,,,,,4.0,4.0,,,,,,,,,,,,2.0,4.0,,,,,,,2.0,,,2.0,,2.0,2.0,,4.0,2.0,,4.0,2.0,,,,2.0,2.0,,2.0,2.0,,,,
BATTERY,"SCHOOL, PRIVATE, GROUNDS",2.0,2.0,,2.0,,,,,2.0,,,,,,,,,,,,,4.0,,,,,,,2.0,,,,,,,,,,,2.0,,,,,,,,,2.0,,,,,,,,2.0,,2.0,,,,,2.0,,4.0,,,,,,,,2.0,2.0,,2.0,,,2.0,2.0,
BATTERY,"SCHOOL, PUBLIC, BUILDING",38.0,30.0,32.0,28.0,26.0,22.0,,4.0,6.0,32.0,10.0,14.0,14.0,14.0,18.0,10.0,12.0,4.0,,10.0,10.0,16.0,8.0,10.0,4.0,12.0,14.0,2.0,16.0,10.0,4.0,,,8.0,18.0,10.0,18.0,4.0,8.0,4.0,18.0,4.0,,,4.0,16.0,4.0,20.0,10.0,2.0,10.0,4.0,12.0,6.0,4.0,,4.0,14.0,10.0,6.0,12.0,16.0,14.0,8.0,8.0,2.0,,,6.0,16.0,8.0,10.0,14.0,10.0,10.0,2.0,6.0,6.0,,,6.0,2.0
BATTERY,"SCHOOL, PUBLIC, GROUNDS",8.0,2.0,8.0,10.0,6.0,6.0,2.0,6.0,8.0,10.0,,,2.0,,6.0,2.0,14.0,6.0,8.0,4.0,8.0,14.0,2.0,8.0,,6.0,6.0,4.0,8.0,8.0,8.0,6.0,6.0,6.0,4.0,2.0,,,2.0,2.0,2.0,6.0,2.0,,10.0,6.0,2.0,,,,,2.0,4.0,2.0,,,6.0,8.0,2.0,4.0,2.0,2.0,,8.0,4.0,8.0,2.0,2.0,,,4.0,2.0,6.0,2.0,6.0,,6.0,4.0,2.0,6.0,6.0,2.0
BATTERY,SIDEWALK,136.0,176.0,272.0,352.0,394.0,416.0,400.0,438.0,330.0,386.0,236.0,170.0,166.0,114.0,224.0,310.0,334.0,376.0,456.0,334.0,296.0,364.0,180.0,184.0,200.0,142.0,278.0,210.0,326.0,386.0,422.0,402.0,320.0,298.0,214.0,210.0,154.0,102.0,172.0,210.0,206.0,308.0,334.0,284.0,256.0,260.0,138.0,134.0,82.0,70.0,138.0,218.0,286.0,292.0,344.0,306.0,250.0,262.0,182.0,164.0,114.0,66.0,186.0,192.0,298.0,284.0,312.0,306.0,282.0,264.0,208.0,170.0,200.0,132.0,240.0,252.0,306.0,386.0,378.0,362.0,330.0,116.0
BATTERY,SMALL RETAIL STORE,10.0,4.0,2.0,4.0,2.0,6.0,2.0,8.0,,,2.0,4.0,2.0,2.0,,10.0,,2.0,4.0,4.0,4.0,12.0,6.0,,2.0,4.0,2.0,,2.0,4.0,4.0,4.0,4.0,2.0,6.0,4.0,4.0,,2.0,6.0,4.0,2.0,,2.0,4.0,2.0,2.0,4.0,2.0,8.0,2.0,,6.0,2.0,2.0,,2.0,12.0,6.0,16.0,,2.0,4.0,4.0,2.0,6.0,2.0,2.0,4.0,4.0,6.0,4.0,2.0,4.0,8.0,4.0,2.0,,6.0,6.0,4.0,4.0
BATTERY,SPORTS ARENA/STADIUM,,,,2.0,,2.0,,,,,2.0,2.0,,,,,2.0,,,,,,,,,,,,,,,,2.0,,4.0,,,,,,,,,,,,,,,,,,,,,,,,,,,,,2.0,,,,2.0,,,,2.0,,,,,,2.0,,,,
BATTERY,STREET,168.0,172.0,314.0,346.0,352.0,328.0,404.0,358.0,300.0,316.0,190.0,138.0,150.0,150.0,230.0,246.0,304.0,302.0,362.0,296.0,210.0,272.0,182.0,188.0,144.0,132.0,208.0,194.0,246.0,328.0,308.0,270.0,244.0,208.0,170.0,174.0,148.0,86.0,144.0,156.0,166.0,248.0,210.0,254.0,190.0,168.0,102.0,126.0,80.0,84.0,120.0,198.0,230.0,254.0,274.0,238.0,206.0,192.0,130.0,160.0,98.0,68.0,218.0,230.0,258.0,220.0,248.0,270.0,216.0,192.0,142.0,206.0,168.0,152.0,254.0,216.0,288.0,284.0,356.0,330.0,268.0,112.0
BATTERY,TAVERN/LIQUOR STORE,4.0,4.0,2.0,,6.0,2.0,,6.0,,8.0,,2.0,4.0,,4.0,2.0,2.0,,,6.0,2.0,6.0,,,2.0,4.0,8.0,2.0,2.0,2.0,2.0,8.0,,,4.0,2.0,6.0,,4.0,4.0,4.0,2.0,2.0,,2.0,2.0,2.0,,,4.0,4.0,2.0,2.0,2.0,,2.0,2.0,4.0,2.0,4.0,2.0,2.0,,,,,2.0,4.0,2.0,2.0,4.0,,2.0,2.0,,2.0,2.0,4.0,2.0,,,4.0
BATTERY,TAXICAB,,,2.0,,,,2.0,4.0,,,,,,,4.0,,,2.0,,4.0,,,2.0,,2.0,,,,,,,,,4.0,,,,,,,,,2.0,,,,2.0,,,,,,,,,,,,,,,,2.0,,,,,,,,,,,,,,,,,,,
BATTERY,VACANT LOT/LAND,4.0,,6.0,2.0,4.0,8.0,8.0,6.0,2.0,4.0,2.0,4.0,2.0,2.0,4.0,2.0,,14.0,2.0,2.0,,,,2.0,,,2.0,6.0,,4.0,,4.0,4.0,,,2.0,2.0,2.0,,,,6.0,2.0,,2.0,,,,2.0,,2.0,4.0,,,4.0,2.0,4.0,,,,2.0,,2.0,2.0,,2.0,2.0,2.0,2.0,8.0,2.0,,6.0,8.0,,2.0,2.0,2.0,2.0,2.0,2.0,2.0
BATTERY,VEHICLE - OTHER RIDE SERVICE,,,,,,,,,,,,,,,,,,,,,,,,,,,,,,,,,,,,,,,,,,,,,,,,,,,,,,,,,,,,,,,,,2.0,,,,,2.0,2.0,,,,,,2.0,,,,,
BATTERY,VEHICLE NON-COMMERCIAL,12.0,18.0,16.0,20.0,26.0,16.0,26.0,12.0,18.0,12.0,10.0,18.0,10.0,10.0,12.0,6.0,20.0,18.0,16.0,12.0,4.0,18.0,16.0,10.0,8.0,4.0,12.0,10.0,10.0,18.0,16.0,12.0,16.0,14.0,12.0,8.0,12.0,2.0,4.0,2.0,18.0,16.0,6.0,6.0,12.0,2.0,6.0,6.0,2.0,6.0,16.0,18.0,10.0,10.0,12.0,14.0,4.0,12.0,6.0,8.0,20.0,4.0,20.0,6.0,24.0,12.0,16.0,20.0,16.0,16.0,8.0,20.0,22.0,14.0,28.0,18.0,16.0,18.0,16.0,20.0,16.0,8.0
BATTERY,VEHICLE-COMMERCIAL,,,,,4.0,,2.0,,,,2.0,,,,2.0,,,,,,,,,2.0,,,,4.0,2.0,,,,,,,,,,,,,,,,,,,,,,,2.0,,,,,,,,4.0,,,2.0,,,2.0,,,,2.0,2.0,,,,,,,,2.0,,,
BATTERY,WAREHOUSE,,,2.0,,2.0,,,,,,,2.0,,,,2.0,,,,,,2.0,,2.0,,,,,4.0,,,,2.0,2.0,,2.0,,,,,,,,,,,,,2.0,,,,,,,,,,,,,,,,2.0,,,,,,,,,,,,,,,,,
CRIM SEXUAL ASSAULT,ABANDONED BUILDING,,,2.0,,,,2.0,,4.0,,,2.0,2.0,,,,,,,2.0,,,4.0,2.0,,2.0,,,,,,,,,,,2.0,,,,,,,2.0,2.0,2.0,,,,,,2.0,2.0,,,,2.0,,,,,,,,2.0,2.0,2.0,,2.0,,,,,,,,4.0,,,2.0,,
CRIM SEXUAL ASSAULT,ALLEY,,,6.0,,,,4.0,,8.0,6.0,6.0,4.0,4.0,2.0,4.0,,6.0,2.0,6.0,2.0,2.0,,4.0,6.0,2.0,4.0,4.0,,4.0,2.0,10.0,4.0,4.0,2.0,2.0,2.0,,,,,2.0,6.0,2.0,8.0,4.0,2.0,,2.0,,,,,4.0,,6.0,4.0,2.0,2.0,4.0,,6.0,,,,4.0,,6.0,4.0,2.0,,,2.0,,2.0,2.0,,,6.0,2.0,14.0,2.0,
CRIM SEXUAL ASSAULT,APARTMENT,8.0,,4.0,2.0,2.0,,4.0,2.0,4.0,4.0,,,2.0,,,8.0,2.0,6.0,2.0,,2.0,,2.0,2.0,2.0,2.0,,,2.0,6.0,2.0,6.0,4.0,4.0,2.0,4.0,,,2.0,2.0,2.0,,2.0,4.0,4.0,6.0,2.0,,2.0,,6.0,2.0,2.0,6.0,6.0,4.0,,,4.0,4.0,,,,4.0,4.0,4.0,4.0,2.0,4.0,,6.0,2.0,4.0,2.0,,2.0,2.0,2.0,2.0,2.0,2.0,
CRIM SEXUAL ASSAULT,BAR OR TAVERN,,,,,,,,,,,,,,,,,,,,,,,,,,,,,,,,,,,,,,,,,,,,,,,,,,,,,,,,,,2.0,,,,,,,,,,,,,,,,,,,,,,,,
CRIM SEXUAL ASSAULT,CHA APARTMENT,,,,,,,,,,,,,,,,,,,,,,,,,,,,,,,,,,,,,,,,,,,2.0,,,,,,,,,,,,,,,,,,,,,,,,,,2.0,,,,,,,,,,,,,
CRIM SEXUAL ASSAULT,COMMERCIAL / BUSINESS OFFICE,,,,,,,,,,,,,,,,,,,,,,,,,,,,,,,,,,,,,,,,,,,,,,,,,,,2.0,,,2.0,,,,,,,,,,,,,,,,,,,,,,,,,,,,
CRIM SEXUAL ASSAULT,CTA BUS STOP,,,,,,,,,,,,,,,,,,,,,,,,,,,,,2.0,,,,,,2.0,,,,,,,,,,,,,,,,,,,,,,,2.0,,,,,,,,,,,,,,2.0,,,2.0,,2.0,,,,,
CRIM SEXUAL ASSAULT,CTA TRAIN,,,,,,,,,,,,2.0,,,,,,,,,,,,,,,,,,,,,,,,,,,,,,,,,,,,,,,,,,,,,2.0,,,2.0,,,,,,,,,,,,,,,,,,,,,,
CRIM SEXUAL ASSAULT,DRIVEWAY - RESIDENTIAL,,,,,,,,,,2.0,,,,,,,,,,,,,,,,,,,,,,,,,,,,,,,,,,2.0,,,,,,,,,,,,,,,,,,,,,,,,,,,,,,,,,,,,,,
CRIM SEXUAL ASSAULT,FOREST PRESERVE,,,,,,,,,,,,,,,,,,2.0,,,,,,,,,,,,,,,,,,,,,,,,,,,,,,,,,,,,,,,,,,,,,,,,,,,,,,,,,,,,,,,,
CRIM SEXUAL ASSAULT,GAS STATION,,,,,,,,,,,,,,,,,,,,,,,,,,,,,,,,2.0,,,,2.0,,,,,,,,,,,,,,,,,,,,,,,,,,,,,,,,,2.0,,,,,,,,,,,,,
CRIM SEXUAL ASSAULT,HOTEL/MOTEL,,,,,,,,2.0,,2.0,,,,,,,,,,,,,,,,,,,,,,,,,,,,,,,,,,,,,,2.0,,,2.0,,,,2.0,,,,,,,,,,,,,,,,,,,,,2.0,2.0,,,,4.0,
CRIM SEXUAL ASSAULT,OTHER,,,4.0,2.0,4.0,,2.0,,,2.0,,,,,,,,2.0,2.0,2.0,,2.0,,2.0,,2.0,,,,2.0,,2.0,4.0,,,,,2.0,,,,,2.0,2.0,2.0,,,,2.0,,,,,,,2.0,,,,,2.0,,,2.0,2.0,,,,2.0,,,,,,,2.0,,,,,2.0,
CRIM SEXUAL ASSAULT,OTHER RAILROAD PROP / TRAIN DEPOT,,,,,,,,,,,,,,,,,,,,,,,,,,,,,,,,,,,,,,,,,,,,,,,,,,,,,,,,,,,,,,,,,,2.0,,,,,,,,,,,,,,,,
CRIM SEXUAL ASSAULT,PARK PROPERTY,,,,,,,4.0,,,,,,,,2.0,,4.0,,,2.0,2.0,2.0,,,,,,2.0,2.0,,,,,2.0,,,,,,,,,,2.0,,,,,,,,,,,,,2.0,4.0,2.0,,,,,,,,,,,2.0,,,,,,,,,,,,
CRIM SEXUAL ASSAULT,PARKING LOT/GARAGE(NON.RESID.),,,,,,,,,,,,,2.0,,,,,2.0,,,2.0,2.0,,2.0,,,,,,,2.0,2.0,2.0,,2.0,,,2.0,,,,,,,,2.0,,2.0,,,,,,,,,,2.0,,,,,,,,,,,,,,,,,,,,2.0,,,,
CRIM SEXUAL ASSAULT,RESIDENCE,6.0,,6.0,4.0,2.0,4.0,,2.0,2.0,,2.0,4.0,,2.0,4.0,8.0,,2.0,6.0,,8.0,4.0,,2.0,2.0,2.0,,6.0,2.0,,4.0,4.0,2.0,2.0,2.0,4.0,,2.0,2.0,,2.0,,4.0,2.0,2.0,4.0,4.0,,2.0,4.0,,2.0,,2.0,4.0,2.0,2.0,6.0,,2.0,2.0,2.0,,2.0,2.0,2.0,2.0,2.0,2.0,4.0,,2.0,2.0,,2.0,2.0,2.0,2.0,6.0,2.0,2.0,
CRIM SEXUAL ASSAULT,RESIDENCE PORCH/HALLWAY,,,,,,,,,,,,,,,,,2.0,,,2.0,,2.0,,,,4.0,,,2.0,2.0,2.0,,,,,,,,,,,,,,2.0,,,,,,,,,,,,,,2.0,2.0,,,,,,2.0,,2.0,,2.0,,,,,2.0,,,,,,,
CRIM SEXUAL ASSAULT,RESIDENCE-GARAGE,,,,2.0,,2.0,,2.0,,,,,,,2.0,,,,,2.0,,,,,,,,,2.0,,,2.0,2.0,,,,2.0,,,,2.0,,,,,,,,,,,,,,,,,,,,,,,,,,,,,,,,2.0,,,,,,,,,
CRIM SEXUAL ASSAULT,RESIDENTIAL YARD (FRONT/BACK),2.0,,,2.0,2.0,,,,,,,4.0,4.0,2.0,,2.0,,,,,2.0,2.0,2.0,,2.0,2.0,,,,,2.0,2.0,2.0,2.0,,,,,,,,,,,,,,2.0,,,2.0,,,,,,,,,2.0,,,,,2.0,,,,2.0,,,,,,,,,4.0,,2.0,,
CRIM SEXUAL ASSAULT,"SCHOOL, PUBLIC, GROUNDS",,,,,,,,,,,,,,,,,,,,,,,,2.0,,,,,,,,,,,2.0,,,,,,,,,2.0,,,,,,,,,,,,,,,,,,,,,,,,,,,,,,,,,,,2.0,,,
CRIM SEXUAL ASSAULT,SIDEWALK,2.0,,,,2.0,,,,,4.0,,,,,,4.0,2.0,2.0,2.0,2.0,6.0,4.0,,2.0,2.0,,,,,,4.0,4.0,,2.0,,4.0,,2.0,,2.0,2.0,,2.0,2.0,,,,2.0,,,,,2.0,,2.0,2.0,2.0,,2.0,,,2.0,,,2.0,2.0,2.0,4.0,,2.0,4.0,4.0,,,,,2.0,,,,,
CRIM SEXUAL ASSAULT,STREET,2.0,4.0,4.0,2.0,,2.0,,,8.0,,2.0,2.0,2.0,4.0,2.0,6.0,2.0,2.0,,6.0,2.0,4.0,2.0,12.0,,2.0,,4.0,4.0,2.0,16.0,2.0,4.0,,2.0,2.0,2.0,,,2.0,2.0,,6.0,,,,2.0,,2.0,4.0,2.0,,,,4.0,,2.0,,4.0,8.0,,,,,2.0,,,,,2.0,2.0,,,,4.0,,2.0,4.0,,4.0,,
CRIM SEXUAL ASSAULT,VACANT LOT/LAND,,,,,,,,,,,,,,,,,,2.0,,,2.0,,,,,2.0,,,,2.0,,,,,,,,,,,,,,,,,,,,,,,,2.0,,,,2.0,2.0,,,,,,,,2.0,,,,,2.0,,,,,,,,,,
CRIM SEXUAL ASSAULT,VEHICLE NON-COMMERCIAL,4.0,,2.0,2.0,,,8.0,4.0,,2.0,4.0,,2.0,,6.0,,,4.0,,,,4.0,,2.0,,,,2.0,2.0,,2.0,,2.0,4.0,,2.0,4.0,,2.0,,,,,,,2.0,,,,4.0,,,4.0,4.0,,2.0,,,,,2.0,2.0,,,2.0,,,,,2.0,,,2.0,,,,,2.0,,2.0,2.0,
CRIM SEXUAL ASSAULT,VEHICLE-COMMERCIAL,,,,,,,,,,,,,,,,,,,,,,,,,,,,,,,,,,,,,,,,,,,,,,,,,,,,,,,,,,,,,,,,,,,,,,,,,,,,,,2.0,,,,
NON-CRIMINAL,SIDEWALK,,,,,,,,,,,,,,,,,,,,,,,,,,,,,,,,,,,,,,,,,,,,,,,,,,,,,,,1.0,,,,,,,,,,,,,,,,,,,,,,,,,,,
NON-CRIMINAL,STREET,,,,,,,,,,,,,,,,,,,,,,,,,,,,,,,,,,,,,,,,,,,,,,,,,,,,,,,,,,,,,1.0,,,,,,,,,,,,,,,,,,,,,
OTHER OFFENSE,ABANDONED BUILDING,,,,,,,,,,,,,,,,,,1.0,,,,,,,,,,,,,,,,,,,,,,,,,,,,,,,,,,,,,,,,,,,,,,1.0,,,,,1.0,,,,,,,,,,1.0,1.0,,
OTHER OFFENSE,AIRCRAFT,,,,,,,,,,,,1.0,1.0,2.0,,,,,,1.0,,,2.0,,,,,,,,,,,,,,,,,,,,,,,1.0,,,1.0,,,,,,,,,,1.0,,,,,1.0,,,,,,,,,,,,,1.0,,,,,
OTHER OFFENSE,AIRPORT BUILDING NON-TERMINAL - NON-SECURE AREA,,,,,,,,,,,,,,,1.0,,,1.0,,,1.0,,,,,,,,,,,,,,,,,,,,,,,,,,,,,,,,,,,,,,,,,,,,,,,,,,,,,,,,,,,,,
OTHER OFFENSE,AIRPORT BUILDING NON-TERMINAL - SECURE AREA,,1.0,,,1.0,,1.0,,,,,,,,,,,2.0,,,,,,,,2.0,1.0,,,,,,,,,,,,,,,2.0,,,,,,,1.0,,,,,,1.0,,,,,,,,,,1.0,,,,,,,,,,,,,,,,,
OTHER OFFENSE,AIRPORT EXTERIOR - SECURE AREA,,,,,,,,,,,,,,,,,,,,,,,,,,,,,,,,,,,,,,1.0,,,,,,,,,,,,,,,,,,,,,,,,,,,,,,,,,,,,,,,,,,,,
OTHER OFFENSE,AIRPORT PARKING LOT,,,,,,,,,,,,,,,,,,,,,,,,,1.0,,,,,,,,,,,,,,,,,,,,,,,,,,,,,,,,,,,,,,,,,,,,,,,,,,,,,,,,,
OTHER OFFENSE,AIRPORT TERMINAL LOWER LEVEL - NON-SECURE AREA,,,,,,,3.0,,,,1.0,,1.0,,,,,,,1.0,,1.0,,,,,1.0,,,,,,1.0,,,,,,,,,,,,,,,,,,,,,,,,,,,,,,,,,,,,,,,,,,,,,,,,,
OTHER OFFENSE,AIRPORT TERMINAL LOWER LEVEL - SECURE AREA,,,,,,,,2.0,,1.0,,,,1.0,,,1.0,2.0,,2.0,,,,,,,,,,,,,1.0,1.0,,,1.0,1.0,,,,,,,,1.0,,,,,,,,,,1.0,1.0,,,,,,,,,,,,,,,,,,,1.0,,,,,,
OTHER OFFENSE,AIRPORT TERMINAL MEZZANINE - NON-SECURE AREA,,,,,,,,,,,,,,,,,,,,,,,,,,,,,,,,,,,,,1.0,,,,,,,,1.0,,,,,,,,,,,,,,,,,,,,,,,,,,,,,,,,,,,,,
OTHER OFFENSE,AIRPORT TERMINAL UPPER LEVEL - NON-SECURE AREA,,,1.0,1.0,1.0,1.0,1.0,,,,,1.0,1.0,,2.0,2.0,2.0,,2.0,2.0,1.0,1.0,,,5.0,3.0,2.0,,,2.0,,,1.0,1.0,,2.0,,,1.0,,,,,,,1.0,1.0,,,,,,,,,,,,,,,,,1.0,,,,,,,2.0,,,,,,,,1.0,,1.0,
OTHER OFFENSE,AIRPORT TERMINAL UPPER LEVEL - SECURE AREA,26.0,21.0,20.0,27.0,18.0,14.0,12.0,26.0,29.0,22.0,27.0,35.0,28.0,19.0,19.0,19.0,36.0,28.0,44.0,39.0,30.0,28.0,35.0,35.0,18.0,19.0,16.0,6.0,14.0,11.0,20.0,30.0,29.0,23.0,24.0,28.0,47.0,32.0,38.0,40.0,44.0,56.0,62.0,61.0,52.0,53.0,55.0,62.0,42.0,30.0,32.0,39.0,52.0,50.0,62.0,64.0,49.0,31.0,30.0,36.0,17.0,21.0,27.0,14.0,21.0,16.0,13.0,5.0,9.0,4.0,5.0,5.0,6.0,4.0,5.0,5.0,3.0,1.0,4.0,2.0,2.0,
OTHER OFFENSE,AIRPORT VENDING ESTABLISHMENT,,,,,,,,,,,,,,,,,,,,,,,,,,,,,,,,,,,,,,,,,,,,,,,,,,,,,,,1.0,,,,,,,,,,,,,,,,,,,,,,,,,,,
OTHER OFFENSE,AIRPORT/AIRCRAFT,,1.0,2.0,2.0,,2.0,4.0,6.0,5.0,6.0,6.0,,2.0,1.0,5.0,3.0,4.0,3.0,2.0,3.0,1.0,2.0,,1.0,1.0,2.0,,,1.0,,2.0,6.0,3.0,3.0,1.0,1.0,,,1.0,,,1.0,,,,,,,,,,,,,1.0,,,,,,,,1.0,,,,,,,,,,,,,,,,,,,
OTHER OFFENSE,ALLEY,,1.0,,,,,1.0,2.0,1.0,2.0,1.0,2.0,1.0,,2.0,,2.0,1.0,1.0,2.0,1.0,2.0,,1.0,1.0,2.0,,,,3.0,1.0,1.0,,2.0,,,2.0,1.0,,1.0,,1.0,1.0,,2.0,2.0,1.0,1.0,,,3.0,1.0,3.0,1.0,1.0,2.0,3.0,2.0,1.0,1.0,3.0,,1.0,1.0,1.0,3.0,,2.0,2.0,6.0,1.0,2.0,1.0,,2.0,3.0,2.0,4.0,4.0,1.0,1.0,1.0
OTHER OFFENSE,APARTMENT,1.0,,1.0,1.0,,,,,,1.0,1.0,,,,2.0,,,4.0,1.0,,,,1.0,,1.0,1.0,,,,1.0,1.0,,1.0,,,,1.0,1.0,1.0,,,,,,1.0,,,,5.0,2.0,3.0,4.0,3.0,3.0,2.0,1.0,,1.0,,1.0,1.0,2.0,1.0,2.0,,,1.0,,,1.0,,,1.0,1.0,,,,,,,,
OTHER OFFENSE,BAR OR TAVERN,1.0,1.0,,,,,,,,,,,,,,,,,,,,,,,,,,,,,,,,,,,,,,,,,,,,,,,,,,,,,,,,,,,,,,,,,,,,,,,,,,,,,,,,
OTHER OFFENSE,CAR WASH,,,,,,,,,,,,,,,,,,,,,,,,,,,,,,,,,,,,,,,1.0,,,,,,,,,,,,,,,,,,,,,,,,,,,,,,,,,,,,,,,,,,,
OTHER OFFENSE,CHA PARKING LOT/GROUNDS,,,,,,,,,,,,,,,,,,,,,,,,,,,1.0,,1.0,,1.0,,,,,,,,,,,,,,,,,,,,1.0,,,,,,,,,,,1.0,,,,,2.0,,1.0,,,,,,,,,,,,,
OTHER OFFENSE,CHURCH/SYNAGOGUE/PLACE OF WORSHIP,,,,,,,,,,,,,,,,,,,,,,,,,,,,,,,,,,,,,,,,,,,,,,,,,,,,,,,,,,,,,,,,,,,,,,,,,,,1.0,,,,,,,
OTHER OFFENSE,COMMERCIAL / BUSINESS OFFICE,,,,,,,,,,,,,,,,,,,,1.0,,,,,,,,,,,,,,,,,,,,,,,,,,,,,,,,,,,,,,,,,,,,,,,,,,,,,,,,,,,,,,
OTHER OFFENSE,CONVENIENCE STORE,,,,,,,,,,,,,,,,,1.0,,,,,,,,1.0,,,,,,,,,,,,,1.0,,,,,1.0,,,,,,,,,,,,,,,,,,,,,,,,,,,,,,,,,,,,,,,
OTHER OFFENSE,CTA BUS,,,,,,,,,,,,,,,,,,,,,,,,,,,,,,,,,,,,,,1.0,,,,,,,,,,,,,,,,,,,,,,,,,,,,,,,,,,,,,,,,,,,,
OTHER OFFENSE,CTA BUS STOP,,,,,,,,,1.0,,,,,,,1.0,,,,1.0,,,,,,,,,1.0,,,,,,,,,,,,,,,,,,,,1.0,,,,,,,,,,,,,,,,,,1.0,,,,,,,,,,,1.0,1.0,,,
OTHER OFFENSE,CTA GARAGE / OTHER PROPERTY,,,,,,,,,,,,,,,,,,,,,,,,,,,1.0,,,,,,,,,,,,,,,,,,,,,,,,,,,,,,,,,,,,,,,,,,,,,,,,,,,,,,,
OTHER OFFENSE,CTA PLATFORM,,,,,,,,1.0,,1.0,,,,,,,,,,,,,,,,,,1.0,,,,,1.0,,,,,,,,,,,,,,,1.0,,1.0,,,,,,,,,,,,,,,,,,,,,,,,,,,1.0,,,,,
OTHER OFFENSE,CTA TRAIN,,,,,,,,,,,,,,,,,,,,,,,,,,,,,,,,,,,,,,,,,,,,,,,,,1.0,,,,,,,,,,,,,,1.0,,,,,,,,,,,,,,,,,,,
OTHER OFFENSE,DEPARTMENT STORE,,,,,,,,,,,,,,,,,,,,,,,,,,,,,,,,,,,,,,,,,,,,,,,,,,,,,,,,,,,,,,,1.0,,,,,,,,,1.0,,,,,,,,,,
OTHER OFFENSE,DRIVEWAY - RESIDENTIAL,,,,,,,,,,,,,,,,,,,,,,,,,,,,,,,,,,,,,,,,,,,,,,,,,,,,1.0,,,,,,,,,,,,1.0,,,,,,,,,,,,,,,,,,
OTHER OFFENSE,DRUG STORE,,,,,,,,,,,,,,,,,,,,,,,,,,,,,,,,1.0,,,,,,,,,,,,,,,,,,,,,,,,,,,,,,,,,,,,,,,,,,,,,,,,,,
OTHER OFFENSE,FEDERAL BUILDING,,1.0,,,,,,,,,,,,,,,,,,,,,,,,,,,,,,,,,,,,,,,,,,,,,,,,,,,,,,,,,,,,,,,,,,,,,,,,,,,,,,,,
OTHER OFFENSE,GAS STATION,,,,,,,,,1.0,,,,,,,,,,,1.0,,,,,,,,,,,,,1.0,1.0,,,,,,,,,,,1.0,,,,,,,,,,,,,2.0,,,,,,,,1.0,,,,,1.0,,,,,,,,,,,
OTHER OFFENSE,GOVERNMENT BUILDING/PROPERTY,,,,,,,,,,,,,,,,,,,,,,,,,,,,,,,,,,,,,1.0,,,,,,,,,,,,,,,,,,,,,,,,,,,,,,,,,,,,,,,,,,,,,
OTHER OFFENSE,GROCERY FOOD STORE,,,,,,,,,,,,,,,1.0,,,,,,,,,,,,,,,,,,,,,,,,,,,,,,,,,,,,,,,,,,,,,,,,,,,,,,,,,,,,,,,,,,,
OTHER OFFENSE,HIGHWAY/EXPRESSWAY,,,,,,,,,,,,,,,,,,,,,,,,,,,,,,,,,,,,,,,,,,1.0,,,,,,,,,,,,,,,,,,,,,,,,,,,,,,,,,,,,,,,,
OTHER OFFENSE,HOSPITAL BUILDING/GROUNDS,,,,,,,,,,,,,,,,,,,,,,,,,,,,,,,,,,,,,,,,,,,,,,,,,,,,,,,,,,,,,,,1.0,,,,,,,,,,,,,,,,,,,
OTHER OFFENSE,LIBRARY,,1.0,,,,,,,,,,,,,,,,,,,,,,,,,,,,,,,,,,,,,,,,,,,,,,,,,,1.0,,,,,,,,,,,,,,,,,,,,,,,,,,,,,,
OTHER OFFENSE,OTHER,,,,,,,,,,,,,,,,,,,,1.0,,,,,,,,1.0,,,,,,,,,,,,,,,,,,,,,,,,,,,,,,1.0,,,,,,,,,,,1.0,,1.0,,,,,,,,,,,
OTHER OFFENSE,OTHER RAILROAD PROP / TRAIN DEPOT,,,,,,,,,,,,,,,,,,,,,,,,,,,,,,,,,,,,,,,,,,,,,,,,,,,,,,,,,,,,,,,,,,,,,,1.0,,,,,,,,,,,,
OTHER OFFENSE,PARK PROPERTY,,,,,,,,,1.0,1.0,,,,,,1.0,,1.0,3.0,,,,,,,1.0,,1.0,1.0,1.0,,1.0,,,,,,,,,3.0,,,,1.0,2.0,1.0,,,,1.0,,1.0,2.0,1.0,,,,,,,,1.0,1.0,1.0,,,,,1.0,,,,,1.0,,1.0,2.0,,1.0,2.0,
OTHER OFFENSE,PARKING LOT/GARAGE(NON.RESID.),,,1.0,,,,,,1.0,,,1.0,,,,,,3.0,,,,,1.0,1.0,,1.0,,1.0,1.0,,1.0,,,2.0,1.0,,,,1.0,,,1.0,,,,,,1.0,1.0,,,1.0,1.0,,1.0,1.0,,,1.0,,1.0,1.0,1.0,1.0,,2.0,,,2.0,,1.0,,,1.0,,1.0,3.0,,,,1.0,
OTHER OFFENSE,POLICE FACILITY/VEH PARKING LOT,,,,,,1.0,,,,,1.0,,1.0,,,,,,2.0,1.0,,1.0,,,1.0,,1.0,1.0,,,2.0,,1.0,2.0,,,,2.0,2.0,,1.0,,,,1.0,,,,,,2.0,1.0,1.0,,,,,,,,,2.0,,,,,2.0,1.0,,,,,,,,,,,1.0,,,
OTHER OFFENSE,RESIDENCE,,,,4.0,3.0,1.0,,1.0,,2.0,1.0,1.0,,,,1.0,,2.0,3.0,1.0,,,2.0,2.0,,3.0,1.0,,,,2.0,,5.0,2.0,1.0,2.0,1.0,2.0,4.0,1.0,2.0,,,1.0,,,,1.0,21.0,5.0,2.0,3.0,5.0,1.0,2.0,2.0,,1.0,1.0,1.0,2.0,1.0,2.0,1.0,,,,1.0,1.0,1.0,1.0,2.0,1.0,2.0,,3.0,,1.0,4.0,3.0,1.0,
OTHER OFFENSE,RESIDENCE PORCH/HALLWAY,,,,,1.0,,,,,,,,,,,,,1.0,1.0,,,2.0,,1.0,,,,,,,,,,,,,,,,,,,,,,3.0,,,,1.0,,,,1.0,,,1.0,,1.0,1.0,,,,,,,,,,,,1.0,,2.0,,,,1.0,,,2.0,
OTHER OFFENSE,RESIDENCE-GARAGE,,,,,1.0,,,,,,,,,,,,,,,,,,,,,,,,,,,,,,,,,,,,,,,,,,,,,,,,,,,,,,,,,,,,,,,,,,,,,,,,,,,,,
OTHER OFFENSE,RESIDENTIAL YARD (FRONT/BACK),,,,,,,,,1.0,,,,,,,,,2.0,,,1.0,,,,,,,,,,1.0,,1.0,,,1.0,,,,,,,,,,,,,1.0,,,,,2.0,,,1.0,,,,,1.0,1.0,,1.0,,1.0,,,,,2.0,1.0,,,1.0,1.0,,,,,
OTHER OFFENSE,RESTAURANT,,,,,,,,,,,,,,,,,,,1.0,,,,,,,,,1.0,,,,,,,,,,,,,,,,,,,,,,,,,,,,,,,,,,,,,,,2.0,,,,,,,,,,,,,,,
OTHER OFFENSE,"SCHOOL, PRIVATE, BUILDING",1.0,,1.0,,,,,,,,,,,1.0,,,,,,,,,,,,,,,,,,,,,,,,,,,,,,,1.0,,,,,,1.0,,,,,,,1.0,,,,,,,1.0,,,,,,,,,,,,,,,,,1.0
OTHER OFFENSE,"SCHOOL, PRIVATE, GROUNDS",,,,,,,,,,,,,,,,,,,,1.0,,,,,,,,,,,,,,,,,,,,,,,,1.0,,,,,,,,,,,,,,,,,,,,,,,,,,,,,,,,,,,,,,
OTHER OFFENSE,"SCHOOL, PUBLIC, BUILDING",4.0,3.0,8.0,1.0,3.0,1.0,,,2.0,1.0,1.0,1.0,2.0,3.0,7.0,,2.0,2.0,,,1.0,2.0,4.0,2.0,4.0,1.0,3.0,,6.0,1.0,,,1.0,1.0,3.0,1.0,,4.0,2.0,1.0,2.0,1.0,,1.0,2.0,,,1.0,,6.0,,3.0,3.0,3.0,1.0,,,2.0,,1.0,1.0,4.0,3.0,1.0,3.0,2.0,1.0,,,2.0,2.0,3.0,1.0,1.0,2.0,2.0,1.0,1.0,,,4.0,2.0
OTHER OFFENSE,"SCHOOL, PUBLIC, GROUNDS",,,2.0,,,,,,,,,,,,,1.0,,2.0,,,,,1.0,,1.0,,,,,1.0,,1.0,,,,,,,,1.0,,,1.0,2.0,,,1.0,,,,,,,,1.0,,,1.0,,1.0,,,1.0,,,,,,,,,1.0,,1.0,,,1.0,1.0,,,,2.0
OTHER OFFENSE,SIDEWALK,,2.0,4.0,2.0,2.0,3.0,7.0,2.0,9.0,5.0,7.0,2.0,5.0,2.0,3.0,,5.0,11.0,14.0,11.0,11.0,7.0,8.0,5.0,6.0,9.0,4.0,6.0,4.0,8.0,6.0,5.0,4.0,4.0,3.0,1.0,7.0,3.0,8.0,8.0,8.0,10.0,1.0,5.0,7.0,12.0,7.0,5.0,9.0,3.0,8.0,13.0,18.0,14.0,9.0,11.0,8.0,10.0,1.0,5.0,7.0,,8.0,13.0,10.0,6.0,6.0,16.0,6.0,17.0,4.0,3.0,3.0,5.0,5.0,2.0,6.0,8.0,5.0,5.0,7.0,3.0
OTHER OFFENSE,SMALL RETAIL STORE,,,,,,,,1.0,,,,,,,,,,,,1.0,,,,,,,,,,,1.0,,,,,,,,,,,,,,,,,,,,,,,,,,,,1.0,,1.0,,,,,,,,,,,,,,,,,,,,,
OTHER OFFENSE,SPORTS ARENA/STADIUM,,,,,,1.0,,,,,,,,,,,,,,,,,,,,,,,,,,,,,,,,,,,,,,,,,,,,,,,,,,,,,,,,,,,,,,,,,,,,,,,,,,,,
OTHER OFFENSE,STREET,1.0,3.0,4.0,3.0,4.0,3.0,3.0,2.0,6.0,3.0,,4.0,3.0,2.0,,5.0,1.0,8.0,7.0,11.0,11.0,4.0,3.0,3.0,9.0,8.0,5.0,4.0,4.0,1.0,3.0,,7.0,4.0,2.0,5.0,4.0,6.0,6.0,2.0,4.0,5.0,2.0,2.0,3.0,5.0,2.0,6.0,4.0,5.0,13.0,11.0,12.0,11.0,11.0,11.0,6.0,11.0,6.0,10.0,22.0,11.0,24.0,24.0,15.0,11.0,13.0,17.0,18.0,18.0,14.0,7.0,12.0,11.0,17.0,10.0,17.0,13.0,9.0,9.0,13.0,5.0
OTHER OFFENSE,VACANT LOT/LAND,,,,,,,,,,,,,,,,,,,,,,,,,,,,,,,,,,,,,,,,,,,,,,,,,,,,,,,,,,,,1.0,,,,,,,,,,2.0,1.0,,,1.0,,,,,,,,
OTHER OFFENSE,VEHICLE NON-COMMERCIAL,,,,,,,,1.0,,,,,,1.0,,,1.0,2.0,,2.0,,,,,1.0,1.0,,,,,,,,,,2.0,,,,,,,1.0,2.0,,,,,1.0,2.0,1.0,2.0,2.0,,,1.0,,,,,1.0,1.0,5.0,3.0,,1.0,7.0,2.0,2.0,1.0,1.0,1.0,3.0,2.0,,2.0,3.0,2.0,1.0,1.0,,1.0
OTHER OFFENSE,WAREHOUSE,,1.0,,,,,,,,,,,,,,,,,,,,,,,,,,,,,,,,,,,,,,,,,,,,,,,,,,,,,,,,,,,,,,,,,,,,,,,,,,,,,,,,
ROBBERY,ABANDONED BUILDING,,,2.0,4.0,,2.0,2.0,2.0,,4.0,2.0,4.0,,,2.0,,2.0,,4.0,,,2.0,6.0,,2.0,2.0,,4.0,,,,,,,,2.0,,4.0,,2.0,,,,,,,,2.0,,2.0,2.0,,,,2.0,,6.0,4.0,,2.0,,,2.0,2.0,2.0,,,,,,,,2.0,,2.0,2.0,,,,,2.0,
ROBBERY,AIRPORT VENDING ESTABLISHMENT,,,,,,,,,,,,,,,,,,2.0,,2.0,,,,,,,,,,,,,,,,,,,,,,,,,,,,,,,,,,,,,,,,,,,,,,,,,,2.0,,,,,,,,,,,,
ROBBERY,ALLEY,78.0,44.0,60.0,104.0,86.0,88.0,102.0,94.0,82.0,86.0,110.0,88.0,58.0,34.0,68.0,82.0,126.0,74.0,112.0,68.0,124.0,96.0,100.0,88.0,98.0,58.0,58.0,62.0,66.0,102.0,108.0,84.0,100.0,110.0,82.0,108.0,88.0,46.0,52.0,44.0,84.0,54.0,118.0,82.0,82.0,64.0,84.0,74.0,60.0,36.0,50.0,42.0,70.0,58.0,58.0,70.0,46.0,56.0,66.0,94.0,46.0,36.0,32.0,52.0,64.0,86.0,68.0,96.0,86.0,86.0,60.0,84.0,54.0,50.0,74.0,48.0,90.0,68.0,98.0,106.0,72.0,30.0
ROBBERY,APARTMENT,24.0,18.0,24.0,24.0,22.0,14.0,18.0,20.0,20.0,16.0,18.0,18.0,24.0,6.0,18.0,18.0,18.0,18.0,12.0,20.0,18.0,20.0,16.0,22.0,18.0,8.0,18.0,10.0,12.0,30.0,18.0,16.0,16.0,18.0,22.0,20.0,16.0,16.0,10.0,16.0,14.0,8.0,14.0,10.0,8.0,12.0,10.0,42.0,22.0,10.0,6.0,20.0,20.0,10.0,2.0,10.0,8.0,18.0,18.0,16.0,18.0,14.0,14.0,6.0,8.0,8.0,10.0,16.0,6.0,18.0,10.0,24.0,28.0,20.0,10.0,18.0,12.0,12.0,22.0,14.0,6.0,4.0
ROBBERY,APPLIANCE STORE,,,,2.0,,,,,,,,,2.0,,,2.0,,,,,,,,,,,,,,2.0,,,,,,,2.0,,,,,,,2.0,,2.0,,,,,,,2.0,,,,2.0,,,,,,,,,,,,,,2.0,2.0,,,,,,,,,,
ROBBERY,ATHLETIC CLUB,,,,,,,,,,,,,,,,,,,,,,,2.0,,,,,,,,,,,,,,,,,,,,,,,,,,,,,,,,,,,,,,,,,,,,2.0,,,,,,,,,,,,,,,
ROBBERY,ATM (AUTOMATIC TELLER MACHINE),,2.0,,,,,,4.0,,4.0,2.0,2.0,6.0,2.0,,2.0,,,,6.0,,,2.0,2.0,2.0,4.0,12.0,4.0,8.0,6.0,4.0,4.0,4.0,,4.0,,,,,,,,,4.0,,2.0,,,2.0,,2.0,,,2.0,,,,2.0,,,,,2.0,,,,2.0,,,2.0,,,,,4.0,4.0,2.0,2.0,,4.0,4.0,2.0
ROBBERY,BANK,2.0,2.0,6.0,2.0,6.0,4.0,8.0,2.0,6.0,2.0,6.0,,,2.0,2.0,2.0,2.0,,2.0,4.0,,,2.0,6.0,4.0,,6.0,2.0,14.0,6.0,4.0,2.0,6.0,4.0,4.0,6.0,,2.0,2.0,2.0,4.0,2.0,,,4.0,,6.0,6.0,4.0,4.0,6.0,6.0,10.0,2.0,,4.0,,6.0,2.0,4.0,6.0,,,,2.0,2.0,,,2.0,2.0,4.0,8.0,,2.0,2.0,10.0,4.0,6.0,2.0,8.0,2.0,2.0
ROBBERY,BAR OR TAVERN,2.0,2.0,2.0,,,,2.0,,4.0,,,,,,,,2.0,2.0,,,,2.0,,2.0,,,,,,,,2.0,,,,,,,,,,,2.0,,,2.0,,,,,,,,,,,,,,2.0,,,,2.0,,,,,2.0,,,2.0,,,,,,,,,2.0,
ROBBERY,BARBERSHOP,14.0,2.0,4.0,4.0,,2.0,,6.0,2.0,,4.0,8.0,2.0,,6.0,4.0,,,,6.0,,10.0,2.0,2.0,2.0,8.0,4.0,4.0,,,4.0,,4.0,2.0,,8.0,8.0,,,,4.0,4.0,,4.0,,6.0,2.0,6.0,2.0,4.0,2.0,,,,2.0,,,,2.0,2.0,2.0,4.0,,2.0,2.0,2.0,2.0,2.0,2.0,2.0,2.0,,,2.0,,2.0,,,,,2.0,
ROBBERY,BOWLING ALLEY,,,,,,,,,,,,,,,,,,,,,,,,,,,,,,,,,,,,,,,,,,,,,,,,,,,,,,,,,,,,,,,,,,2.0,,,,,,,,,,,,,,,,
ROBBERY,BRIDGE,,2.0,,,,,,,,,2.0,,2.0,,,,,,,,,,,,2.0,,2.0,,,,2.0,,,2.0,,,,,,,2.0,,,,,,,,,,,,2.0,,,,,,,,,,,,,,,2.0,,,,2.0,,,,,2.0,,,,,
ROBBERY,CAR WASH,,,,2.0,,2.0,,,2.0,2.0,,,,,2.0,,2.0,4.0,2.0,2.0,,2.0,2.0,,,,,,,2.0,2.0,2.0,,2.0,4.0,2.0,,,,,,,,,,,2.0,,,,,2.0,,,,,,,2.0,,6.0,,2.0,,2.0,,4.0,,4.0,,,,2.0,,,,,2.0,,2.0,2.0,
ROBBERY,CHA APARTMENT,4.0,,,,,,,,,,,,2.0,,,,2.0,,2.0,,2.0,2.0,,,,,,,,,,,,,,,,2.0,,,,,,,,2.0,2.0,,2.0,2.0,,,,,,,,,,,2.0,,,,,,,,,,,2.0,,,2.0,,2.0,2.0,,,,
ROBBERY,CHA HALLWAY/STAIRWELL/ELEVATOR,2.0,,,,,,,2.0,,,,,2.0,2.0,2.0,,,2.0,,,6.0,,,2.0,,,,,,,4.0,,,2.0,,,,,,,,2.0,,,,,,,,,,2.0,,,,,,,,,2.0,,2.0,,,,,,4.0,,,,,2.0,,,4.0,2.0,,,,
ROBBERY,CHA PARKING LOT/GROUNDS,6.0,,2.0,2.0,,4.0,,8.0,2.0,2.0,2.0,,4.0,,,2.0,4.0,2.0,,4.0,,2.0,4.0,4.0,,4.0,,2.0,,,2.0,2.0,,4.0,4.0,4.0,2.0,,2.0,4.0,2.0,6.0,,4.0,4.0,2.0,2.0,,2.0,,,4.0,,6.0,,,2.0,4.0,,,2.0,,,,2.0,4.0,,2.0,,,,4.0,,,4.0,4.0,,10.0,6.0,,,
ROBBERY,CHURCH/SYNAGOGUE/PLACE OF WORSHIP,2.0,,,,,,,,,,,,,,,,,,,,,4.0,2.0,,,,,,,,,,,,,,,,,,,,,,,,2.0,,,,,,,,2.0,,,,,,,,,,,,,,,,,2.0,,,,,,,,,,
ROBBERY,CLEANING STORE,6.0,,,2.0,,2.0,,,,,,2.0,2.0,,,,,,2.0,2.0,,6.0,,,,,,,2.0,2.0,,2.0,2.0,,,,,,,,2.0,,2.0,,,4.0,,,,,,2.0,,,,2.0,,2.0,,,2.0,2.0,,,2.0,,,,,,,,2.0,,,,,2.0,,,,
ROBBERY,COIN OPERATED MACHINE,,,,,,,,,,,,,,,,,,,,,,,,,,,,,,,,,,,,,,,,,,,2.0,,,,,,,,,,,,,,,,,,,,,,,,,,,,,,2.0,2.0,,,,2.0,,,,
ROBBERY,COLLEGE/UNIVERSITY GROUNDS,,,2.0,,,,,,,,,,,,,,,,,2.0,,2.0,,,,,,,,,,,,,,,,,,,,,,,,,,2.0,,,,,,,,,,,,,,,,,,,2.0,,,,,,,,,,,,,,,
ROBBERY,COMMERCIAL / BUSINESS OFFICE,2.0,4.0,2.0,2.0,2.0,4.0,10.0,,4.0,,2.0,2.0,2.0,,,2.0,,,2.0,2.0,4.0,,2.0,2.0,4.0,,,2.0,2.0,4.0,2.0,2.0,4.0,,,4.0,,,4.0,,,2.0,4.0,,4.0,,4.0,6.0,2.0,4.0,,4.0,2.0,,4.0,2.0,,2.0,4.0,,2.0,4.0,4.0,,2.0,,,2.0,,,2.0,,18.0,2.0,,,2.0,,,6.0,4.0,
ROBBERY,CONSTRUCTION SITE,,,,,,2.0,,,4.0,,2.0,2.0,,,,,,,,,2.0,,,,,,,,2.0,,,,,,,,,,,,,,,,,,,,,,,,,,,,,,,,,,,,,2.0,2.0,,,,,,,,,,,,,4.0,,2.0
ROBBERY,CONVENIENCE STORE,16.0,12.0,12.0,18.0,8.0,8.0,2.0,4.0,4.0,20.0,20.0,14.0,8.0,8.0,16.0,8.0,20.0,10.0,4.0,2.0,6.0,8.0,4.0,24.0,14.0,8.0,2.0,12.0,12.0,8.0,2.0,2.0,10.0,10.0,14.0,16.0,10.0,18.0,10.0,4.0,4.0,,2.0,,6.0,8.0,14.0,16.0,12.0,6.0,,10.0,,4.0,6.0,2.0,6.0,8.0,20.0,22.0,14.0,14.0,16.0,6.0,4.0,14.0,8.0,6.0,4.0,12.0,14.0,22.0,20.0,10.0,8.0,6.0,10.0,24.0,10.0,22.0,16.0,12.0
ROBBERY,CTA BUS,,,,,,2.0,,4.0,,2.0,,,2.0,2.0,2.0,,6.0,2.0,4.0,,,4.0,,4.0,,,,,2.0,2.0,,,2.0,,,2.0,2.0,2.0,2.0,4.0,2.0,2.0,,2.0,2.0,,2.0,2.0,6.0,2.0,,4.0,4.0,,,,2.0,2.0,,,6.0,2.0,,,2.0,,2.0,2.0,,,,,,,,2.0,2.0,,2.0,,2.0,
ROBBERY,CTA BUS STOP,10.0,8.0,6.0,10.0,8.0,16.0,6.0,10.0,6.0,18.0,12.0,6.0,12.0,2.0,6.0,4.0,16.0,6.0,,12.0,12.0,14.0,18.0,12.0,14.0,6.0,10.0,20.0,14.0,14.0,18.0,10.0,22.0,14.0,6.0,24.0,10.0,18.0,12.0,10.0,10.0,10.0,14.0,16.0,20.0,14.0,30.0,20.0,6.0,14.0,8.0,8.0,8.0,14.0,14.0,2.0,10.0,10.0,8.0,18.0,12.0,6.0,4.0,12.0,14.0,8.0,12.0,12.0,12.0,8.0,12.0,14.0,8.0,4.0,6.0,6.0,8.0,8.0,22.0,20.0,8.0,2.0
ROBBERY,CTA GARAGE / OTHER PROPERTY,2.0,,,,2.0,2.0,,4.0,,4.0,,4.0,,,,,,,,4.0,4.0,2.0,,,4.0,,,,2.0,2.0,,,2.0,2.0,6.0,2.0,,,2.0,,2.0,,2.0,2.0,6.0,4.0,,,2.0,,,,,,,,2.0,,4.0,,,2.0,,,2.0,,,,,2.0,,,,,,,,,2.0,,,
ROBBERY,CTA PLATFORM,6.0,,6.0,,2.0,2.0,4.0,8.0,6.0,12.0,2.0,2.0,10.0,4.0,2.0,12.0,2.0,2.0,4.0,,4.0,12.0,8.0,4.0,4.0,6.0,,,10.0,,10.0,4.0,,2.0,8.0,2.0,4.0,2.0,4.0,4.0,2.0,,4.0,,4.0,,4.0,6.0,2.0,,,2.0,6.0,,4.0,,2.0,,2.0,2.0,2.0,4.0,2.0,4.0,,2.0,,2.0,,2.0,4.0,,,,2.0,4.0,4.0,6.0,4.0,4.0,4.0,4.0
ROBBERY,CTA STATION,,,,,,,,,,,,,,,,,,,,,,,,,,,,,,,,,,,,,,,,,,,,,,,,,,,,,2.0,,,,,,2.0,,2.0,,2.0,2.0,2.0,,,,,,,,2.0,4.0,2.0,,2.0,,6.0,4.0,2.0,
ROBBERY,CTA TRAIN,8.0,2.0,6.0,8.0,8.0,10.0,2.0,2.0,20.0,10.0,2.0,12.0,8.0,10.0,12.0,2.0,4.0,12.0,8.0,,2.0,8.0,12.0,6.0,14.0,8.0,6.0,14.0,,10.0,10.0,8.0,2.0,2.0,8.0,4.0,8.0,8.0,8.0,12.0,2.0,2.0,2.0,6.0,2.0,,,,,6.0,4.0,4.0,6.0,4.0,8.0,,2.0,4.0,2.0,2.0,6.0,,4.0,2.0,2.0,2.0,6.0,2.0,4.0,,2.0,,,2.0,4.0,6.0,2.0,4.0,2.0,4.0,2.0,4.0
ROBBERY,CURRENCY EXCHANGE,2.0,,,,,,4.0,,,,,2.0,,4.0,14.0,,2.0,2.0,2.0,,,,,8.0,,2.0,4.0,6.0,4.0,,4.0,2.0,,,6.0,2.0,2.0,,2.0,,,2.0,2.0,4.0,2.0,,2.0,,,,,2.0,2.0,,,,,,,,,4.0,,2.0,2.0,,,,,,,,,,,,2.0,,,,,
ROBBERY,DAY CARE CENTER,2.0,,,,,,,,,,,,,,,,,,,,,,,,,,,,,,,,,,,,,,,,,,2.0,,,,,,,,,,,,,,,,,,,,,,,,,,,,,,,,,,,,,,,
ROBBERY,DELIVERY TRUCK,,,,,,,,,2.0,,,,,,,,,,,,,,,,,,,,,,,,,,,,,,,,,,,,,2.0,,,,,,,,,,,,,,,,,,,,,,,,,,,,,,,,,,,,
ROBBERY,DEPARTMENT STORE,8.0,2.0,12.0,4.0,4.0,,8.0,,,2.0,6.0,10.0,4.0,2.0,4.0,,2.0,2.0,2.0,6.0,4.0,6.0,6.0,2.0,2.0,,2.0,2.0,4.0,2.0,2.0,,4.0,4.0,8.0,4.0,4.0,2.0,2.0,2.0,2.0,,,4.0,,4.0,2.0,2.0,2.0,2.0,2.0,2.0,2.0,,,2.0,2.0,2.0,2.0,,4.0,2.0,,2.0,2.0,2.0,2.0,2.0,10.0,4.0,8.0,4.0,,10.0,4.0,8.0,,4.0,4.0,2.0,4.0,2.0
ROBBERY,DRIVEWAY - RESIDENTIAL,2.0,,2.0,6.0,4.0,8.0,2.0,,,,2.0,6.0,2.0,,2.0,4.0,,6.0,4.0,2.0,4.0,4.0,2.0,4.0,2.0,4.0,,2.0,2.0,,4.0,2.0,,2.0,4.0,2.0,,,,4.0,4.0,4.0,2.0,,2.0,,,4.0,2.0,,2.0,,2.0,2.0,,2.0,,2.0,,4.0,,2.0,,4.0,,,4.0,,,4.0,4.0,,4.0,2.0,2.0,,,,,2.0,2.0,
ROBBERY,DRUG STORE,,,4.0,2.0,,2.0,,2.0,2.0,,2.0,14.0,8.0,,,,,,2.0,2.0,2.0,2.0,4.0,2.0,,,,,2.0,,2.0,2.0,2.0,2.0,2.0,,,,,,2.0,,,2.0,2.0,,4.0,2.0,2.0,6.0,,,,,,2.0,,2.0,2.0,2.0,2.0,,,,,2.0,,,,,2.0,8.0,6.0,,2.0,,4.0,,4.0,4.0,4.0,
ROBBERY,FACTORY/MANUFACTURING BUILDING,,,,,,,2.0,,,,,,,,,,,,,,,,,,,,,,,,,2.0,,,,,,,,,,,,,,,,,,,,2.0,,2.0,,,,,,2.0,,,,,,,,,,,,,,,,,,,,,,
ROBBERY,FOREST PRESERVE,,,,,,,,,,,,,,,,,,,,,,,,,,,,,,,,,,,,,,,,,,,,,,,,,,,,,,,,,,,,,2.0,,,,,,,,,,,,,,,,,,,,,
ROBBERY,GAS STATION,12.0,2.0,20.0,22.0,10.0,30.0,20.0,18.0,8.0,24.0,18.0,20.0,26.0,10.0,12.0,4.0,6.0,12.0,22.0,14.0,14.0,8.0,16.0,14.0,12.0,10.0,12.0,12.0,12.0,20.0,24.0,16.0,12.0,16.0,14.0,14.0,6.0,12.0,4.0,6.0,2.0,6.0,14.0,8.0,8.0,2.0,8.0,20.0,8.0,16.0,8.0,10.0,8.0,18.0,8.0,4.0,12.0,12.0,14.0,22.0,12.0,6.0,12.0,24.0,10.0,14.0,14.0,6.0,20.0,20.0,16.0,28.0,10.0,4.0,20.0,26.0,12.0,18.0,16.0,22.0,12.0,2.0
ROBBERY,GOVERNMENT BUILDING/PROPERTY,,,,,,2.0,,,,,,,,,,,,,,,,,,,,,,2.0,,,,,,,,,,,,,,,,,,,,,,,,,,,,,,,,2.0,,,,,,,,,,,,,,,,,,,,,,
ROBBERY,GROCERY FOOD STORE,28.0,6.0,4.0,16.0,16.0,16.0,20.0,10.0,14.0,12.0,22.0,20.0,20.0,6.0,14.0,6.0,8.0,6.0,4.0,16.0,4.0,20.0,16.0,34.0,16.0,16.0,4.0,18.0,12.0,6.0,2.0,8.0,18.0,14.0,14.0,28.0,10.0,14.0,6.0,2.0,4.0,4.0,2.0,,,14.0,,2.0,14.0,8.0,8.0,4.0,4.0,2.0,2.0,2.0,4.0,6.0,12.0,6.0,4.0,6.0,6.0,,2.0,,,6.0,4.0,18.0,8.0,16.0,16.0,6.0,4.0,10.0,8.0,4.0,2.0,12.0,12.0,10.0
ROBBERY,HIGHWAY/EXPRESSWAY,,,,,,,,,,,2.0,,,,,,,,,,,,,,,,,,,,,,,,,,,,,,,,,,,,,,,,,,,,,,,,,,,,,,,,,,,,,,,,,,,,,,,
ROBBERY,HOSPITAL BUILDING/GROUNDS,,,,,,,,,2.0,,,,,,,2.0,,,,,,,,,,,,,,,,,,,,,,,,,,,,,,,,2.0,,,,,,,,,,,,,,,,,,,2.0,2.0,2.0,,,,,,,,,,,,,
ROBBERY,HOTEL/MOTEL,,2.0,4.0,,,,,2.0,,4.0,,,,,2.0,,4.0,4.0,,2.0,,4.0,,,,4.0,2.0,,4.0,2.0,2.0,,2.0,4.0,4.0,,4.0,,,2.0,2.0,2.0,,8.0,2.0,,,2.0,2.0,4.0,,4.0,10.0,,,2.0,8.0,2.0,4.0,4.0,2.0,,4.0,8.0,2.0,8.0,4.0,8.0,2.0,2.0,4.0,,4.0,4.0,2.0,6.0,,8.0,2.0,2.0,4.0,4.0
ROBBERY,LAKEFRONT/WATERFRONT/RIVERBANK,,,,,,,,4.0,,,,,,,,,,2.0,,,,,,,,,2.0,,,,,,,,,,,,,,,,2.0,,,,,,,,,,,2.0,,2.0,,,,,,,,,,,,,,,,,,,,,2.0,,,,,
ROBBERY,LIBRARY,,,2.0,,,,2.0,,,,,,,,,,,,,,2.0,,,,,,,,,,,,,,,,,,,,,,,,,,,,,,,,,,,,,,,,,,,,,,,,,,,,,,,,,,,,,
ROBBERY,MEDICAL/DENTAL OFFICE,,,,,,,,,,,2.0,,,,,,,,,,,,,,,,,,,,,,,,,,,,,,,,,,,,,,,,,,,,2.0,,,,,,,,2.0,,,,2.0,,,,,,,,,,,,,2.0,,
ROBBERY,MOVIE HOUSE/THEATER,,,,,,,,,,,,,,,,,,2.0,2.0,,,,,,,,,,,,,,,,,,,,,,,,2.0,,,,,,,,,,,,,,,,,,,,,,,,,,,,,,,,,,,,,,,
ROBBERY,NURSING HOME/RETIREMENT HOME,,,,,,,,,,,,,,,,,,,,,,,,,,,,2.0,,,,,,,,,,,,,,,,,,,,,2.0,2.0,,,,,,,,,,,,,,,,,,,,,,,,2.0,,,,,,,,
ROBBERY,OTHER,44.0,14.0,18.0,20.0,18.0,14.0,22.0,16.0,22.0,30.0,24.0,20.0,22.0,12.0,20.0,16.0,26.0,12.0,22.0,36.0,24.0,22.0,22.0,14.0,20.0,16.0,12.0,26.0,38.0,14.0,26.0,20.0,28.0,32.0,22.0,34.0,20.0,16.0,22.0,12.0,22.0,26.0,18.0,16.0,14.0,8.0,14.0,26.0,10.0,8.0,8.0,14.0,16.0,14.0,8.0,18.0,4.0,16.0,10.0,20.0,20.0,4.0,8.0,14.0,14.0,22.0,8.0,8.0,4.0,16.0,24.0,16.0,32.0,12.0,10.0,6.0,18.0,10.0,12.0,10.0,16.0,6.0
ROBBERY,OTHER COMMERCIAL TRANSPORTATION,,,,,,,,,,,2.0,,,,,,,,,,,,,,,,,,2.0,,,,,,4.0,,,,,,,,,,,,,,,,,,,2.0,,,,,,,,,,,,,,,,,2.0,,,,,,,,,,,
ROBBERY,OTHER RAILROAD PROP / TRAIN DEPOT,2.0,,2.0,2.0,2.0,,,,,,2.0,,,,2.0,,2.0,,2.0,,2.0,2.0,2.0,,,,,,2.0,,2.0,,,2.0,,,,,,,,,,,2.0,,2.0,,,,2.0,2.0,,2.0,,,,,,,,,,,,,,,,,,,,,,,,,4.0,,,
ROBBERY,PARK PROPERTY,6.0,,6.0,12.0,14.0,10.0,16.0,18.0,20.0,16.0,4.0,6.0,,6.0,4.0,10.0,24.0,10.0,26.0,10.0,12.0,18.0,6.0,2.0,2.0,4.0,8.0,20.0,10.0,28.0,20.0,22.0,12.0,6.0,8.0,6.0,4.0,,6.0,2.0,4.0,6.0,22.0,16.0,14.0,12.0,4.0,2.0,,,,4.0,10.0,8.0,8.0,10.0,14.0,4.0,14.0,8.0,4.0,,4.0,4.0,12.0,14.0,8.0,10.0,10.0,16.0,,10.0,4.0,4.0,8.0,2.0,12.0,22.0,22.0,32.0,16.0,10.0
ROBBERY,PARKING LOT/GARAGE(NON.RESID.),16.0,26.0,12.0,22.0,12.0,22.0,26.0,36.0,26.0,26.0,26.0,30.0,22.0,12.0,14.0,24.0,30.0,26.0,40.0,32.0,36.0,26.0,34.0,40.0,22.0,18.0,28.0,34.0,32.0,24.0,30.0,38.0,32.0,40.0,16.0,34.0,10.0,16.0,14.0,22.0,22.0,16.0,14.0,20.0,18.0,20.0,16.0,22.0,12.0,12.0,10.0,16.0,30.0,22.0,24.0,26.0,14.0,20.0,20.0,42.0,18.0,8.0,10.0,20.0,10.0,8.0,18.0,28.0,34.0,20.0,24.0,48.0,28.0,8.0,10.0,18.0,32.0,28.0,32.0,34.0,44.0,14.0
ROBBERY,PAWN SHOP,,,,,,2.0,,2.0,,,,,,,,,,,,,,,,2.0,,,,,,2.0,,,,,,,,2.0,2.0,,,2.0,,,,,,4.0,,,2.0,,2.0,2.0,,,,,,,,,,,,,2.0,,,,,4.0,2.0,,,,,,,,,2.0
ROBBERY,POLICE FACILITY/VEH PARKING LOT,,,,,,,,,,,,2.0,,,,,,,,2.0,,,,,,,,,,,,,,,,,,,,,,,,,,,,,,,,,,,,,,,,,,,,,,,,,,,,,4.0,,,,,,,,,
ROBBERY,RESIDENCE,26.0,10.0,10.0,12.0,10.0,20.0,14.0,22.0,18.0,26.0,32.0,28.0,22.0,10.0,12.0,14.0,16.0,22.0,18.0,22.0,12.0,18.0,12.0,18.0,10.0,8.0,8.0,6.0,10.0,16.0,16.0,26.0,4.0,10.0,18.0,18.0,14.0,12.0,14.0,10.0,20.0,6.0,12.0,18.0,6.0,10.0,20.0,32.0,18.0,4.0,14.0,8.0,14.0,12.0,4.0,14.0,16.0,14.0,14.0,12.0,4.0,4.0,8.0,12.0,12.0,12.0,10.0,10.0,18.0,14.0,6.0,18.0,20.0,16.0,14.0,14.0,14.0,2.0,22.0,10.0,14.0,6.0
ROBBERY,RESIDENCE PORCH/HALLWAY,40.0,14.0,26.0,28.0,12.0,20.0,18.0,26.0,24.0,20.0,28.0,26.0,18.0,12.0,10.0,12.0,24.0,24.0,14.0,22.0,32.0,36.0,30.0,34.0,16.0,16.0,10.0,18.0,22.0,28.0,28.0,18.0,18.0,14.0,38.0,22.0,20.0,16.0,8.0,22.0,12.0,8.0,28.0,16.0,14.0,14.0,18.0,16.0,26.0,10.0,12.0,14.0,16.0,18.0,18.0,12.0,8.0,20.0,18.0,14.0,20.0,4.0,8.0,10.0,14.0,18.0,30.0,20.0,26.0,18.0,18.0,22.0,14.0,16.0,4.0,10.0,22.0,12.0,12.0,18.0,16.0,6.0
ROBBERY,RESIDENCE-GARAGE,16.0,2.0,2.0,22.0,14.0,8.0,18.0,12.0,6.0,16.0,16.0,14.0,10.0,8.0,8.0,14.0,18.0,18.0,30.0,40.0,26.0,8.0,12.0,10.0,6.0,8.0,6.0,6.0,8.0,,16.0,8.0,12.0,8.0,18.0,10.0,18.0,4.0,4.0,8.0,14.0,12.0,10.0,12.0,22.0,4.0,14.0,4.0,12.0,2.0,,2.0,2.0,8.0,4.0,4.0,6.0,4.0,8.0,8.0,4.0,2.0,,2.0,8.0,10.0,8.0,,32.0,4.0,10.0,16.0,14.0,2.0,4.0,2.0,2.0,2.0,6.0,16.0,6.0,
ROBBERY,RESIDENTIAL YARD (FRONT/BACK),8.0,8.0,14.0,12.0,14.0,18.0,16.0,16.0,18.0,28.0,18.0,16.0,10.0,4.0,8.0,26.0,18.0,32.0,18.0,22.0,28.0,24.0,34.0,30.0,18.0,10.0,6.0,22.0,40.0,28.0,38.0,24.0,16.0,22.0,18.0,18.0,14.0,20.0,8.0,18.0,12.0,18.0,28.0,14.0,14.0,4.0,22.0,12.0,10.0,8.0,8.0,12.0,16.0,16.0,20.0,20.0,16.0,14.0,20.0,20.0,12.0,10.0,8.0,14.0,8.0,22.0,14.0,18.0,16.0,4.0,10.0,26.0,18.0,14.0,12.0,20.0,26.0,18.0,22.0,30.0,18.0,
ROBBERY,RESTAURANT,30.0,8.0,12.0,24.0,24.0,14.0,8.0,10.0,14.0,36.0,26.0,46.0,60.0,20.0,14.0,14.0,28.0,18.0,16.0,20.0,22.0,20.0,24.0,28.0,20.0,6.0,8.0,14.0,18.0,16.0,14.0,10.0,16.0,20.0,22.0,38.0,28.0,26.0,2.0,14.0,,20.0,4.0,8.0,12.0,8.0,10.0,18.0,6.0,6.0,12.0,16.0,28.0,6.0,10.0,14.0,18.0,14.0,16.0,8.0,18.0,4.0,10.0,6.0,10.0,10.0,8.0,10.0,8.0,24.0,24.0,16.0,36.0,22.0,14.0,14.0,20.0,24.0,22.0,26.0,20.0,6.0
ROBBERY,SAVINGS AND LOAN,,,,,,,,,,,,,,,,,,,,,,,,,,,,,,,,,,,,,,,,,,,,,,,,,,,,,,,,,,,,,,,,,,,,,,,,,2.0,,,,,,,,,
ROBBERY,"SCHOOL, PRIVATE, BUILDING",,,,,,,,,,,,,2.0,,,,,,,,,,,,,,,,,,,,,,,,,,,,,,,,,,,,,,,,,,,,,,,,,,,,,,,,,,,,,,,,,,,,,
ROBBERY,"SCHOOL, PRIVATE, GROUNDS",2.0,,,,,,,,2.0,,,,,,,,,,,,,,,,,,2.0,,,,,,,,,,,,,,,,,,,,,,,,,,,,,,,,,,,,,,,,,,,,,2.0,,,,,,,,,,
ROBBERY,"SCHOOL, PUBLIC, BUILDING",,,,,,,,,,,,,,,,2.0,,,,,,,,,,,,,,,,,,,,,,2.0,,,,,,,2.0,,,,,,,,,,,,,2.0,,,,,,,,,,,,,2.0,,,,,,,,,,,
ROBBERY,"SCHOOL, PUBLIC, GROUNDS",,,,2.0,4.0,4.0,4.0,12.0,,,,2.0,2.0,4.0,4.0,6.0,,2.0,,2.0,,2.0,2.0,4.0,,,,,4.0,2.0,4.0,4.0,,2.0,6.0,2.0,2.0,,2.0,4.0,,2.0,2.0,,2.0,4.0,4.0,2.0,2.0,2.0,,2.0,4.0,2.0,2.0,,2.0,6.0,,,2.0,,,,,,2.0,,2.0,,,4.0,,,2.0,,2.0,,4.0,4.0,,2.0
ROBBERY,SIDEWALK,354.0,144.0,252.0,282.0,310.0,320.0,364.0,384.0,334.0,446.0,414.0,340.0,358.0,188.0,254.0,240.0,352.0,296.0,342.0,402.0,380.0,482.0,422.0,450.0,290.0,192.0,250.0,318.0,392.0,488.0,394.0,370.0,360.0,436.0,402.0,390.0,372.0,224.0,228.0,242.0,292.0,302.0,424.0,346.0,294.0,324.0,312.0,378.0,258.0,164.0,146.0,246.0,198.0,276.0,288.0,234.0,250.0,292.0,268.0,356.0,256.0,142.0,166.0,206.0,212.0,264.0,240.0,322.0,338.0,374.0,302.0,374.0,372.0,212.0,216.0,256.0,298.0,256.0,390.0,400.0,314.0,132.0
ROBBERY,SMALL RETAIL STORE,54.0,34.0,40.0,38.0,56.0,38.0,28.0,44.0,24.0,66.0,76.0,100.0,56.0,22.0,40.0,34.0,32.0,20.0,28.0,30.0,28.0,38.0,34.0,64.0,30.0,28.0,18.0,28.0,48.0,62.0,36.0,20.0,42.0,36.0,28.0,44.0,46.0,30.0,36.0,10.0,10.0,12.0,14.0,16.0,14.0,24.0,26.0,28.0,36.0,16.0,12.0,22.0,24.0,28.0,20.0,20.0,24.0,18.0,22.0,40.0,44.0,24.0,14.0,8.0,24.0,20.0,34.0,28.0,20.0,32.0,46.0,36.0,64.0,24.0,30.0,14.0,18.0,22.0,14.0,36.0,20.0,16.0
ROBBERY,SPORTS ARENA/STADIUM,,,,,,,,,,,,,,,,,,,,,,,2.0,,2.0,,,,,,,,,2.0,,,,,2.0,,,2.0,2.0,,,,,,,,,,,2.0,,,,,,,,2.0,,,,,,,,,,,,,,,,,,,,
ROBBERY,STREET,236.0,128.0,174.0,232.0,266.0,282.0,308.0,278.0,216.0,342.0,244.0,264.0,204.0,172.0,162.0,200.0,252.0,240.0,226.0,278.0,314.0,324.0,264.0,258.0,186.0,126.0,166.0,220.0,266.0,224.0,332.0,294.0,268.0,262.0,262.0,220.0,224.0,172.0,146.0,194.0,174.0,196.0,248.0,194.0,192.0,206.0,194.0,262.0,238.0,108.0,162.0,148.0,176.0,180.0,206.0,228.0,206.0,190.0,178.0,208.0,216.0,104.0,152.0,184.0,196.0,146.0,226.0,202.0,218.0,204.0,196.0,200.0,256.0,140.0,198.0,178.0,250.0,214.0,330.0,378.0,254.0,124.0
ROBBERY,TAVERN/LIQUOR STORE,2.0,8.0,2.0,,2.0,2.0,2.0,,,,,8.0,4.0,4.0,2.0,2.0,2.0,2.0,,4.0,2.0,,,2.0,4.0,,,2.0,,,2.0,2.0,6.0,2.0,2.0,4.0,,4.0,2.0,2.0,,2.0,2.0,,2.0,2.0,,,2.0,,,,2.0,,,,,2.0,2.0,2.0,4.0,,,,8.0,,4.0,,,,,,14.0,6.0,2.0,,,,4.0,2.0,6.0,4.0
ROBBERY,TAXICAB,2.0,,4.0,2.0,2.0,6.0,,6.0,2.0,2.0,2.0,6.0,6.0,,,10.0,6.0,,,4.0,2.0,2.0,2.0,2.0,10.0,4.0,2.0,,8.0,2.0,2.0,8.0,,2.0,6.0,6.0,2.0,,2.0,4.0,,,,2.0,4.0,,,2.0,6.0,,4.0,,8.0,4.0,8.0,2.0,2.0,,,2.0,4.0,4.0,4.0,,,4.0,2.0,2.0,6.0,2.0,,,,2.0,2.0,,,,,4.0,,
ROBBERY,VACANT LOT/LAND,,4.0,,4.0,2.0,2.0,6.0,4.0,6.0,4.0,2.0,4.0,2.0,2.0,2.0,4.0,6.0,,6.0,6.0,6.0,4.0,,4.0,,,,4.0,2.0,4.0,8.0,2.0,8.0,10.0,2.0,2.0,,4.0,4.0,2.0,4.0,2.0,8.0,4.0,2.0,4.0,6.0,,,,,2.0,10.0,2.0,2.0,2.0,,2.0,2.0,4.0,2.0,,2.0,4.0,2.0,2.0,6.0,2.0,2.0,4.0,,,2.0,,4.0,2.0,4.0,2.0,4.0,2.0,8.0,
ROBBERY,VEHICLE - OTHER RIDE SERVICE,,,,,,,,,,,,,,,,,,,,,,,,,,,,,,,,,,,,,,,,,,,,,,,,,,,,,,,,,,,,,,,,,2.0,,,,,,,,,,,2.0,,,,,2.0,
ROBBERY,VEHICLE NON-COMMERCIAL,12.0,10.0,6.0,8.0,14.0,12.0,14.0,16.0,12.0,18.0,2.0,14.0,14.0,12.0,12.0,10.0,20.0,16.0,12.0,14.0,10.0,10.0,16.0,10.0,14.0,8.0,,10.0,12.0,8.0,12.0,12.0,14.0,10.0,14.0,18.0,8.0,10.0,12.0,10.0,8.0,16.0,8.0,14.0,10.0,10.0,6.0,22.0,4.0,8.0,4.0,8.0,4.0,8.0,10.0,12.0,10.0,12.0,12.0,18.0,6.0,6.0,8.0,18.0,10.0,4.0,18.0,2.0,14.0,8.0,12.0,10.0,14.0,10.0,8.0,8.0,12.0,12.0,14.0,16.0,8.0,2.0
ROBBERY,VEHICLE-COMMERCIAL,,,,,,,,,,2.0,,2.0,2.0,,,,4.0,4.0,,2.0,2.0,2.0,2.0,,,,,,2.0,,,,,,,,2.0,,2.0,,2.0,2.0,,2.0,2.0,,,,2.0,,,,,,,,,,2.0,2.0,,,4.0,4.0,,,,,4.0,,,,,,,2.0,2.0,2.0,,,,
ROBBERY,WAREHOUSE,2.0,2.0,,,2.0,,2.0,,,,,2.0,,,,2.0,,2.0,,,,,,,,,,,,,,,,,,,,,,,,,,2.0,,,,,,,,,,,,,,,2.0,,2.0,,,,,,,,,,,,2.0,,,,,,2.0,,,
WEAPONS VIOLATION,ABANDONED BUILDING,,1.0,2.0,3.0,1.0,2.0,3.0,,,1.0,2.0,,1.0,,2.0,1.0,3.0,1.0,1.0,1.0,2.0,2.0,2.0,4.0,3.0,,3.0,,1.0,4.0,3.0,,1.0,,,,2.0,2.0,,1.0,4.0,2.0,1.0,6.0,1.0,2.0,1.0,1.0,,,,1.0,,1.0,2.0,,,2.0,4.0,2.0,,1.0,2.0,3.0,1.0,1.0,1.0,1.0,2.0,1.0,1.0,2.0,1.0,3.0,1.0,1.0,7.0,1.0,4.0,2.0,2.0,
WEAPONS VIOLATION,AIRPORT BUILDING NON-TERMINAL - NON-SECURE AREA,,,,,,,,,,,,,,,,,,,,,,,,,,,,,,,,,,,,,,,,,,,,,,,,,,,,,,,,,,1.0,,,,,,,,,,,,,,,,,,,,,,,,
WEAPONS VIOLATION,AIRPORT BUILDING NON-TERMINAL - SECURE AREA,,,,,,1.0,,,,,,,,,,,,,,,,,,,,,,,,,,,,,,,,,,,,,,,,,,,,,,,,,,,,,,,1.0,1.0,1.0,,,1.0,,,,,,,,,,,,,,,,
WEAPONS VIOLATION,AIRPORT TERMINAL UPPER LEVEL - SECURE AREA,1.0,,1.0,,,2.0,,1.0,,1.0,2.0,,,1.0,1.0,,1.0,,,,,,,,2.0,,,,2.0,,,,,1.0,1.0,,,,,,,,1.0,2.0,,,1.0,,,,1.0,,,,,1.0,,2.0,,,,4.0,1.0,,,1.0,1.0,1.0,1.0,,,,,,,,,,,,,
WEAPONS VIOLATION,AIRPORT VENDING ESTABLISHMENT,,,,,,,,,,,,,,,,,,,,,,,,,,,,,,,,,,,,,,,,,,,,,,,,,,,,,,,,,,,,,,,,,,,,,,,,1.0,,,,,,,,,,
WEAPONS VIOLATION,AIRPORT/AIRCRAFT,,,,,,1.0,,,,,1.0,,,,,,,,,,,,,,,,,,1.0,,,,,,,,,,,,,,,,,,,,,,,,,,,,,,,,,,,,,,,,,,,,,,,,,,,,,
WEAPONS VIOLATION,ALLEY,24.0,6.0,21.0,18.0,19.0,21.0,20.0,27.0,33.0,25.0,16.0,13.0,9.0,7.0,17.0,29.0,17.0,26.0,22.0,21.0,30.0,24.0,12.0,25.0,20.0,10.0,24.0,23.0,29.0,25.0,31.0,28.0,31.0,15.0,25.0,12.0,18.0,12.0,12.0,12.0,23.0,14.0,22.0,19.0,21.0,20.0,14.0,10.0,7.0,6.0,13.0,20.0,30.0,22.0,34.0,22.0,28.0,20.0,22.0,16.0,24.0,11.0,16.0,23.0,21.0,21.0,23.0,23.0,23.0,24.0,18.0,11.0,12.0,13.0,22.0,22.0,27.0,25.0,21.0,22.0,19.0,7.0
WEAPONS VIOLATION,ANIMAL HOSPITAL,,,,,,,,,,,,,,,,,,,,,,,,,,,,,,,,,,,,,,,1.0,,,,,,,,,,,,,,,,,,,,,,,,,,,,,,,,,,,,,,,,,,,
WEAPONS VIOLATION,APARTMENT,46.0,35.0,35.0,28.0,27.0,20.0,20.0,24.0,24.0,33.0,31.0,16.0,32.0,38.0,19.0,29.0,30.0,32.0,41.0,37.0,28.0,45.0,23.0,32.0,38.0,37.0,25.0,33.0,15.0,29.0,29.0,32.0,30.0,30.0,28.0,28.0,43.0,27.0,35.0,22.0,27.0,42.0,29.0,35.0,28.0,14.0,20.0,18.0,22.0,19.0,22.0,15.0,21.0,23.0,21.0,21.0,18.0,26.0,8.0,15.0,21.0,23.0,28.0,20.0,23.0,19.0,21.0,22.0,15.0,25.0,20.0,7.0,15.0,18.0,25.0,25.0,17.0,12.0,9.0,10.0,26.0,8.0
WEAPONS VIOLATION,APPLIANCE STORE,,,,,,,,,,,,,,,,,,,,,,,,,,,,,,,,,,,,,,,,,,,,,,,,,,,,,,,,,,,,,,,,,,,,,,,,,,,,,,,,,1.0,
WEAPONS VIOLATION,ATHLETIC CLUB,,,,,,,,,,,,,,,,,,,,,,,,,,,,,,,,,,,,,,,,,,,,,,,,,,,,,,,,,,,,,,,,,,,,,,,,,,,,,,1.0,,,,
WEAPONS VIOLATION,BANK,,,1.0,,,,,,,,,,,,,,,,,,,,,,,,,,,,,,1.0,,,,,,,,,,,,,,,,,,,,,,,,,,,1.0,,,,1.0,,,,,,,,,,,,,,,,,,
WEAPONS VIOLATION,BAR OR TAVERN,,2.0,,,,1.0,1.0,1.0,1.0,,,,,,,,,,,,,,,1.0,,1.0,1.0,,1.0,,1.0,,1.0,,,1.0,,1.0,,,1.0,2.0,1.0,,,,,,,,,1.0,,1.0,,1.0,,1.0,,,,,1.0,,,1.0,,,,1.0,,,,1.0,,1.0,,1.0,1.0,,,
WEAPONS VIOLATION,BARBERSHOP,1.0,2.0,,,1.0,1.0,1.0,,,1.0,,,,,,,1.0,,,1.0,1.0,,,1.0,,,,,,,,,,1.0,,1.0,,,,,,1.0,,,1.0,,,,,,1.0,,1.0,,,,,,1.0,,,,1.0,,,,,,,,,,,1.0,3.0,,,1.0,,1.0,1.0,
WEAPONS VIOLATION,BRIDGE,,,,,,,,,,,,,,,,,,,,,,,,,,,,,,,,,,,,,,,,,,,,,,,,,,,,,,,,,,,,,,,,,,1.0,,,,,,,,,,,,,,,,
WEAPONS VIOLATION,CAR WASH,,,,,,,,,,,,,,,,,,,,,,,,,,,,,,,,,,,,,,,,1.0,,,,,,,,,,,,,,,,,,,,,,,,,,,,,,,,,,,,,,,,,1.0,
WEAPONS VIOLATION,CEMETARY,,,,,,,,,,,,,,,,,,,,,,,,,,,,,,,,,,,,,,,,,,,,,,,,,,,,,,,,,1.0,,,,,,,,,,,,,,,,,,,,,2.0,,,,
WEAPONS VIOLATION,CHA APARTMENT,,,1.0,4.0,,,,1.0,,,,,,1.0,,2.0,1.0,1.0,,,1.0,1.0,,,2.0,1.0,,1.0,,,1.0,1.0,,1.0,1.0,,1.0,,,,,,,,,,,,,1.0,2.0,,,1.0,1.0,2.0,1.0,,,2.0,,2.0,1.0,,,2.0,,1.0,1.0,2.0,,,,,,,,3.0,,1.0,,
WEAPONS VIOLATION,CHA HALLWAY/STAIRWELL/ELEVATOR,,,,1.0,,,,,,,,,,,,,,,,,,,,,,,,,,,,1.0,,,,,,,,,,,,,,,,,,2.0,,,,,,,,,1.0,1.0,,,,,1.0,,1.0,,,,,,,,,,,,,,,
WEAPONS VIOLATION,CHA PARKING LOT/GROUNDS,2.0,1.0,1.0,6.0,2.0,3.0,1.0,3.0,2.0,3.0,1.0,1.0,1.0,,3.0,2.0,3.0,2.0,,3.0,2.0,1.0,,,1.0,1.0,3.0,5.0,2.0,,1.0,4.0,1.0,,4.0,1.0,,1.0,3.0,3.0,2.0,1.0,3.0,3.0,1.0,1.0,1.0,5.0,1.0,1.0,3.0,2.0,5.0,3.0,4.0,1.0,3.0,2.0,2.0,1.0,2.0,,3.0,2.0,4.0,2.0,3.0,5.0,5.0,,,2.0,,1.0,1.0,1.0,6.0,3.0,2.0,6.0,3.0,1.0
WEAPONS VIOLATION,CHURCH/SYNAGOGUE/PLACE OF WORSHIP,,,,,,,,1.0,,,,,,,,,,,,,,,,,,,,,,,,,,,,,1.0,,,,1.0,,1.0,,,,,,,,,,,,,,,,,,,,1.0,,,,,1.0,,,,,,,,,,,,,,
WEAPONS VIOLATION,COIN OPERATED MACHINE,,,,,,,,,,,,,,,,,,,,,,,,,,,,,,,,,,,,,,,1.0,,,,,,,,,,,,,,,,,,,,,,,,,,,,,,,,,,,,,,,,,,,
WEAPONS VIOLATION,COLLEGE/UNIVERSITY GROUNDS,,,,,,,,,,,,,,,,,,,,,,,1.0,,,,,,,,,,,,,,,,,,,,,,,,,,,,1.0,,,,,,,,,,,,,,,,1.0,,,,,,,,,,,,,,,
WEAPONS VIOLATION,COMMERCIAL / BUSINESS OFFICE,,,1.0,1.0,,,,,,,,,,,,1.0,,,,1.0,,,,1.0,,,,,,1.0,,,,,,,1.0,,,,,,,,,,,1.0,,,,,,,,,,,,1.0,,,,,,,,,,,,,,,1.0,,,1.0,,1.0,,
WEAPONS VIOLATION,CONVENIENCE STORE,2.0,,,,,,,2.0,1.0,,,,1.0,1.0,,,,,1.0,,,1.0,2.0,1.0,3.0,1.0,1.0,,,,2.0,,,,,,,,2.0,,,,,,,,,1.0,,1.0,1.0,,1.0,1.0,,,,1.0,1.0,,,1.0,1.0,2.0,3.0,1.0,,,,1.0,1.0,1.0,,1.0,2.0,1.0,,,,1.0,,
WEAPONS VIOLATION,CTA BUS,,,,,1.0,1.0,,1.0,,,1.0,,,,1.0,1.0,,,1.0,,,,,,,,2.0,1.0,,,1.0,,,,,,1.0,,1.0,,,1.0,,,1.0,,,1.0,2.0,,,1.0,1.0,2.0,,1.0,1.0,,,,,,2.0,,,,2.0,,,1.0,,,,,,,1.0,,1.0,,,
WEAPONS VIOLATION,CTA BUS STOP,,,,,,,,,,2.0,,,,,1.0,1.0,,,,,,1.0,,,,,,2.0,1.0,,,1.0,1.0,1.0,,,,1.0,2.0,,1.0,1.0,,,,,,,,1.0,1.0,,,1.0,1.0,,1.0,,,,1.0,1.0,1.0,1.0,1.0,,,,1.0,1.0,,,,,,1.0,,1.0,2.0,,1.0,
WEAPONS VIOLATION,CTA GARAGE / OTHER PROPERTY,1.0,,,,,,,2.0,,,,,,,,1.0,2.0,,1.0,1.0,,,1.0,1.0,,,,,,,,,,,,,,,,,,,,1.0,,,1.0,,,1.0,,,,,,,,,,,,1.0,,,,,,,,,,,,,,,,,,,,
WEAPONS VIOLATION,CTA PLATFORM,1.0,,1.0,1.0,,1.0,,,3.0,3.0,,3.0,,,1.0,,,1.0,1.0,,,1.0,1.0,,1.0,2.0,1.0,1.0,,2.0,1.0,1.0,1.0,3.0,,,1.0,3.0,,,,,,1.0,,,,,,,1.0,,,1.0,,2.0,1.0,1.0,,,,,1.0,,2.0,,,,,,1.0,,,,1.0,,,,,,,1.0
WEAPONS VIOLATION,CTA STATION,,,,,,,,,,,,,,,,,,,,,,,,,,,,,,,,,,,,,,,,,,,,,,,,,,,,,,,,,,,1.0,1.0,1.0,,,,,,,,,,1.0,,,1.0,,,,,,,,
WEAPONS VIOLATION,CTA TRAIN,,,,,,,,,,,,,1.0,1.0,,,,1.0,,,,2.0,1.0,,,1.0,1.0,,,1.0,,,1.0,,1.0,,,,,,1.0,,1.0,,,,1.0,,,,,,,,1.0,,,,1.0,,,,,,,,,,1.0,,1.0,,,,,,,,2.0,1.0,1.0,
WEAPONS VIOLATION,CURRENCY EXCHANGE,,1.0,,,,,,,,,,,,,,,,,,,,,,,,,,,,,,,,,,,,,,,,,,,,,,,,,,,,,,,,,,,,,,,,,,,1.0,,,,,,,,,,1.0,,,
WEAPONS VIOLATION,DEPARTMENT STORE,,,,1.0,,,,,,1.0,,,,1.0,1.0,,,,,,,,,,,,,,,,,,,,,,,1.0,,,1.0,,,,,,,,,,,,,,,,,,,,1.0,,,,,1.0,,,,,,,,,,1.0,1.0,,,,,1.0
WEAPONS VIOLATION,DRIVEWAY - RESIDENTIAL,,,,,,,2.0,,,,,,,,,1.0,1.0,,,,,,1.0,1.0,1.0,2.0,,,,1.0,1.0,,2.0,2.0,,1.0,,,,,,,,,,,,,,,,1.0,,,1.0,,,,1.0,,,1.0,2.0,,,,,,,1.0,,,,1.0,,,,,,,1.0,
WEAPONS VIOLATION,DRUG STORE,,,,,,,,,,,,,,,,,,,,,,,,,,,1.0,,,,,,,,,,,,,,,,,,,,,,1.0,,,,,,,,,,,,,,,,,,,,1.0,,,,1.0,,,,,,,,,
WEAPONS VIOLATION,FACTORY/MANUFACTURING BUILDING,,,,,,,,,,,,,,,1.0,,,,,,,,,,,,,,,,,,,,,,,,,,,,,,,,,,,,,,,,,,,,,,,,,,,,,,,,,,,,,,,,,,,
WEAPONS VIOLATION,FEDERAL BUILDING,,,,,,,,1.0,,,,,,,,,,,,,,,,,,,,,,,,,,,,,,,,,,,,,,,,,1.0,,,,,,,,,,,,,,,,,,1.0,,,,,,,,,,1.0,,,,,
WEAPONS VIOLATION,FIRE STATION,,,,,,,,,,,,,,,,,,,,,,,,,,,,,,,,,,,,,,,,,1.0,,,,,,,,,,,,,,,,,,,,,,,,,,,,,,,,,,,,,,,,,
WEAPONS VIOLATION,FOREST PRESERVE,,,,,,,,,,,,,,,1.0,,,,,,,,,,,,1.0,,,,,,,,,,,,,,,,,,,,,,,,,,,,,,,,,,,,,,,,,,,,,,,,,,,,,,,
WEAPONS VIOLATION,GAS STATION,2.0,,2.0,1.0,4.0,2.0,1.0,2.0,,3.0,,1.0,1.0,,2.0,1.0,3.0,4.0,4.0,,5.0,1.0,2.0,,3.0,3.0,,3.0,,4.0,2.0,1.0,6.0,3.0,3.0,3.0,1.0,4.0,4.0,4.0,4.0,1.0,,1.0,,,1.0,3.0,,2.0,2.0,,1.0,2.0,3.0,2.0,,3.0,1.0,3.0,3.0,2.0,1.0,3.0,5.0,5.0,5.0,3.0,5.0,4.0,,6.0,1.0,4.0,2.0,2.0,1.0,3.0,10.0,,4.0,1.0
WEAPONS VIOLATION,GOVERNMENT BUILDING/PROPERTY,,,,,,,,,,,,1.0,,1.0,,,1.0,,,,1.0,,,1.0,,,,,,,,,,,,,,,,,,,,,,,,,1.0,,,1.0,,1.0,,,,,1.0,,,1.0,1.0,,,,,2.0,,,,,1.0,,,,1.0,,,,,
WEAPONS VIOLATION,GROCERY FOOD STORE,,,,1.0,,2.0,1.0,,1.0,1.0,,,1.0,1.0,,1.0,,1.0,,1.0,2.0,1.0,,,,,2.0,,1.0,1.0,1.0,,,1.0,,,,,,,,1.0,,1.0,1.0,,,,1.0,,,,,1.0,,1.0,,,1.0,,,,1.0,1.0,,1.0,1.0,1.0,,,1.0,,1.0,,1.0,3.0,1.0,,3.0,,,
WEAPONS VIOLATION,HIGHWAY/EXPRESSWAY,1.0,,1.0,,,,,,1.0,,,,,,,,,,,1.0,,,,,,,,,,,,,,,,,,,2.0,,,1.0,1.0,,,,,,,1.0,1.0,,,,,,,,,,,1.0,,,,,,,,,,,,,,,,1.0,,,,
WEAPONS VIOLATION,HOSPITAL BUILDING/GROUNDS,,,1.0,,1.0,,,1.0,,,,,,,,,,,1.0,,2.0,,,,,,,,1.0,,,,,1.0,,,,,,,,1.0,,,1.0,,,,,,,,,1.0,,,,,,,,,,,,,,,,,1.0,,1.0,,,1.0,,,,,1.0,
WEAPONS VIOLATION,HOTEL/MOTEL,,,,,,,1.0,,,2.0,,,,,,,,1.0,1.0,,,,,2.0,1.0,,1.0,,1.0,,,,,,,,,,,1.0,1.0,,1.0,,1.0,,,1.0,,,,,,,,,,,1.0,1.0,,,1.0,,,,,,1.0,1.0,,1.0,,,,1.0,,,,,,
WEAPONS VIOLATION,JAIL / LOCK-UP FACILITY,,,,,,,,,,,,,,,,,,,,,,,,,,,,,,,,,,,,,,,,,,,,,,,,,,,,,,,,,,,1.0,,,,,,,,,,,,,,,,,,,,,,,
WEAPONS VIOLATION,LAKEFRONT/WATERFRONT/RIVERBANK,,,,,,1.0,,,,,,,,,,,,,,,,,,,,,,,1.0,,,,,,,,,,,,,,,,,,,,,,,,,,,,,,,,,,,,,,,,,,,,,,,,,,,,,
WEAPONS VIOLATION,LIBRARY,,,,,,,,,,,,,,,,1.0,,,,,,,,,,,,,,,,,1.0,,,,,,,,,,,,,,,,,,,,,,,,,,,,,,,,,,,,,,,,,,,,,,,,,
WEAPONS VIOLATION,MEDICAL/DENTAL OFFICE,,,,,,,,,,,,,,,,1.0,1.0,,,,,,,,,,,,,,,,,,,,,,,,,,,,,,,,,,,,,,,,,,,,,,,,,,,,,,,,,,,,,,,,,
WEAPONS VIOLATION,NEWSSTAND,,,,,,,,,,,,,,,,,,,,,,,,,,,,,,,,,,,,,,,,,,,,,,,,,,,,,1.0,,,,,,,,,,,,,,,,,,,,,,,,,,,,,
WEAPONS VIOLATION,NURSING HOME/RETIREMENT HOME,,,,,,,,,,,,,,,,,,,,,,,,1.0,,,,,,,,,,,,,,,,,,,,,,,,,,,,,,,,,,,,,,,,,,,,,,,,,,,,,,,,,,
WEAPONS VIOLATION,OTHER,8.0,2.0,8.0,8.0,8.0,2.0,4.0,7.0,8.0,6.0,3.0,1.0,6.0,4.0,6.0,3.0,6.0,4.0,4.0,3.0,5.0,4.0,2.0,2.0,4.0,6.0,3.0,3.0,4.0,4.0,,4.0,7.0,2.0,4.0,6.0,4.0,6.0,,3.0,9.0,1.0,1.0,6.0,4.0,2.0,3.0,3.0,3.0,4.0,2.0,8.0,5.0,7.0,7.0,2.0,4.0,5.0,3.0,4.0,1.0,2.0,2.0,5.0,2.0,4.0,4.0,,2.0,3.0,2.0,1.0,2.0,2.0,4.0,2.0,4.0,5.0,6.0,4.0,4.0,1.0
WEAPONS VIOLATION,OTHER COMMERCIAL TRANSPORTATION,,,,,,,,,,,,1.0,,,,,1.0,1.0,,,,,,,,1.0,,2.0,,,,,2.0,,,1.0,1.0,,,,1.0,,,,,,,,,1.0,,1.0,1.0,,,,,,,,,,,,,,,,1.0,,,,,,,,,,,,1.0,
WEAPONS VIOLATION,OTHER RAILROAD PROP / TRAIN DEPOT,1.0,,,,,1.0,1.0,,,,,,,,,,,,,,,,,,,,,,,,,,,1.0,,,,,,,,,,,1.0,,,,,,1.0,1.0,,,,,,1.0,1.0,,,,,,,1.0,1.0,,,,,,,,,,,,,,,
WEAPONS VIOLATION,PARK PROPERTY,1.0,,2.0,4.0,7.0,7.0,11.0,7.0,9.0,,1.0,2.0,,,1.0,4.0,1.0,8.0,8.0,6.0,7.0,,1.0,2.0,,2.0,6.0,2.0,5.0,7.0,11.0,9.0,11.0,2.0,2.0,,,1.0,1.0,7.0,6.0,7.0,9.0,8.0,5.0,,,1.0,,,3.0,5.0,6.0,7.0,14.0,6.0,5.0,2.0,2.0,1.0,,,7.0,3.0,10.0,9.0,11.0,9.0,8.0,1.0,2.0,1.0,6.0,2.0,3.0,1.0,9.0,8.0,6.0,4.0,5.0,
WEAPONS VIOLATION,PARKING LOT/GARAGE(NON.RESID.),3.0,,4.0,5.0,7.0,6.0,4.0,4.0,7.0,10.0,1.0,3.0,8.0,3.0,5.0,2.0,5.0,7.0,11.0,5.0,8.0,4.0,5.0,7.0,5.0,8.0,6.0,3.0,9.0,5.0,6.0,6.0,3.0,8.0,5.0,5.0,2.0,1.0,5.0,7.0,6.0,6.0,10.0,6.0,2.0,6.0,2.0,8.0,6.0,1.0,7.0,2.0,9.0,3.0,7.0,5.0,5.0,4.0,4.0,6.0,8.0,1.0,9.0,7.0,3.0,4.0,4.0,12.0,7.0,4.0,5.0,9.0,7.0,6.0,4.0,4.0,5.0,8.0,5.0,9.0,4.0,1.0
WEAPONS VIOLATION,PAWN SHOP,,,,,,,,,,,,,,,,,,,1.0,,,,,,,,,,,,,,,,,,,,,,,,,,,,,,,,,,,,,,,,,,,,,,,,,,,,,,,,,,,,,,,
WEAPONS VIOLATION,POLICE FACILITY/VEH PARKING LOT,,,,,1.0,,,1.0,,,,2.0,,,,,,,,,,,,,,,,,,,1.0,,,,1.0,,1.0,,1.0,,,,,,,,,1.0,,,,,,,3.0,,1.0,,1.0,2.0,1.0,,,,,,,,,,,,1.0,,,3.0,,,,1.0,1.0,
WEAPONS VIOLATION,POOL ROOM,,,,,,,,,,,,,,,,,,,,,,,,,,,,,,,,,,,,,,,,,,,,,,,1.0,,,,,,,,,,,,,,,,,,,,,,,,,,,,,,,,,,,
WEAPONS VIOLATION,RESIDENCE,49.0,45.0,45.0,44.0,31.0,34.0,33.0,40.0,38.0,35.0,26.0,13.0,35.0,36.0,51.0,29.0,37.0,44.0,45.0,40.0,46.0,36.0,38.0,37.0,44.0,37.0,37.0,30.0,27.0,36.0,43.0,40.0,52.0,33.0,41.0,32.0,50.0,40.0,33.0,40.0,41.0,44.0,34.0,42.0,32.0,23.0,32.0,32.0,30.0,21.0,19.0,27.0,33.0,46.0,25.0,35.0,23.0,28.0,34.0,21.0,28.0,23.0,32.0,34.0,19.0,36.0,37.0,29.0,35.0,21.0,27.0,10.0,22.0,25.0,31.0,29.0,25.0,22.0,14.0,23.0,33.0,5.0
WEAPONS VIOLATION,RESIDENCE PORCH/HALLWAY,7.0,2.0,3.0,5.0,11.0,9.0,6.0,9.0,8.0,6.0,7.0,5.0,9.0,1.0,7.0,7.0,13.0,7.0,10.0,9.0,8.0,9.0,11.0,4.0,8.0,5.0,11.0,7.0,11.0,6.0,15.0,18.0,9.0,7.0,4.0,8.0,8.0,1.0,2.0,8.0,4.0,7.0,8.0,9.0,12.0,4.0,3.0,4.0,6.0,,4.0,8.0,9.0,8.0,10.0,5.0,9.0,4.0,2.0,5.0,6.0,,6.0,4.0,8.0,4.0,20.0,12.0,8.0,5.0,2.0,3.0,3.0,4.0,9.0,6.0,10.0,10.0,12.0,8.0,4.0,5.0
WEAPONS VIOLATION,RESIDENCE-GARAGE,1.0,2.0,,3.0,,2.0,1.0,,1.0,,,,,,,1.0,1.0,4.0,1.0,2.0,1.0,1.0,1.0,1.0,,,1.0,,,1.0,2.0,2.0,1.0,1.0,1.0,1.0,2.0,1.0,1.0,1.0,2.0,3.0,,2.0,3.0,,2.0,1.0,1.0,,,,,1.0,1.0,,3.0,1.0,,1.0,1.0,,1.0,,2.0,1.0,1.0,1.0,1.0,2.0,1.0,,1.0,,,,,2.0,,1.0,,
WEAPONS VIOLATION,RESIDENTIAL YARD (FRONT/BACK),16.0,4.0,13.0,9.0,18.0,19.0,15.0,14.0,16.0,9.0,10.0,6.0,10.0,4.0,12.0,13.0,15.0,19.0,19.0,18.0,11.0,19.0,9.0,10.0,20.0,13.0,22.0,6.0,13.0,20.0,14.0,20.0,20.0,14.0,14.0,13.0,13.0,10.0,5.0,12.0,12.0,18.0,16.0,18.0,6.0,12.0,11.0,12.0,12.0,3.0,14.0,11.0,15.0,20.0,18.0,17.0,11.0,8.0,11.0,9.0,19.0,5.0,21.0,15.0,22.0,23.0,16.0,22.0,16.0,12.0,12.0,11.0,10.0,10.0,14.0,16.0,15.0,19.0,22.0,22.0,23.0,6.0
WEAPONS VIOLATION,RESTAURANT,,,,,,,,1.0,,,,2.0,,,,3.0,,,,1.0,1.0,,2.0,,,2.0,2.0,,1.0,,,,,,1.0,1.0,2.0,1.0,,,2.0,,3.0,1.0,1.0,,1.0,1.0,2.0,,,1.0,,1.0,,1.0,1.0,,,,1.0,,2.0,,,,1.0,1.0,,,1.0,,2.0,1.0,2.0,1.0,2.0,,1.0,2.0,,
WEAPONS VIOLATION,SAVINGS AND LOAN,,,,,,,,,,,,,,,,,,,,,,,,,,,,,,,,,,,,,,,,,,,,,,,,,,,,,,,,,,,,,,,,,,,,,,1.0,,,,,,,,,,,,
WEAPONS VIOLATION,"SCHOOL, PRIVATE, BUILDING",1.0,2.0,,,,,,,,1.0,,1.0,3.0,,3.0,1.0,2.0,3.0,,,,,,,1.0,1.0,,,1.0,1.0,,,,2.0,2.0,1.0,3.0,,,,,1.0,,,2.0,,2.0,1.0,,,,,,,1.0,,,,,,1.0,,,,3.0,2.0,,,,1.0,,,2.0,,,,1.0,,,1.0,1.0,
WEAPONS VIOLATION,"SCHOOL, PRIVATE, GROUNDS",,,,,,,,,1.0,,,,,,,,1.0,,,,1.0,,,,,,,,,,,,,,1.0,,,,,1.0,1.0,,,,,,,,,,,,,,,,,,,,,,,,1.0,,,,,,,,,,1.0,,,,,,,
WEAPONS VIOLATION,"SCHOOL, PUBLIC, BUILDING",19.0,29.0,31.0,28.0,31.0,6.0,2.0,4.0,15.0,19.0,14.0,13.0,13.0,25.0,16.0,10.0,20.0,10.0,1.0,3.0,13.0,7.0,13.0,14.0,10.0,15.0,15.0,10.0,21.0,4.0,,4.0,12.0,16.0,10.0,8.0,16.0,12.0,17.0,10.0,17.0,8.0,5.0,1.0,11.0,11.0,7.0,6.0,6.0,11.0,11.0,5.0,10.0,6.0,2.0,,5.0,12.0,7.0,5.0,8.0,7.0,5.0,6.0,4.0,4.0,3.0,,3.0,6.0,4.0,7.0,8.0,9.0,6.0,1.0,11.0,8.0,,2.0,3.0,5.0
WEAPONS VIOLATION,"SCHOOL, PUBLIC, GROUNDS",3.0,4.0,5.0,5.0,5.0,4.0,,,3.0,5.0,4.0,1.0,2.0,1.0,1.0,2.0,3.0,5.0,1.0,,4.0,3.0,5.0,4.0,4.0,1.0,3.0,3.0,4.0,4.0,5.0,1.0,1.0,3.0,4.0,2.0,4.0,,1.0,5.0,3.0,1.0,4.0,3.0,2.0,5.0,2.0,1.0,,1.0,,3.0,3.0,,2.0,,3.0,5.0,,1.0,2.0,,1.0,1.0,3.0,1.0,2.0,5.0,3.0,3.0,1.0,1.0,2.0,5.0,,,2.0,3.0,,6.0,2.0,1.0
WEAPONS VIOLATION,SIDEWALK,43.0,33.0,68.0,88.0,82.0,82.0,83.0,72.0,86.0,80.0,49.0,26.0,52.0,40.0,53.0,80.0,88.0,95.0,99.0,94.0,81.0,91.0,63.0,60.0,65.0,44.0,94.0,67.0,68.0,71.0,101.0,92.0,93.0,73.0,62.0,65.0,49.0,39.0,46.0,73.0,59.0,60.0,69.0,70.0,58.0,63.0,44.0,44.0,31.0,21.0,43.0,59.0,78.0,67.0,76.0,55.0,62.0,58.0,39.0,36.0,30.0,29.0,58.0,53.0,46.0,59.0,71.0,64.0,67.0,48.0,47.0,33.0,33.0,33.0,45.0,58.0,60.0,80.0,67.0,70.0,60.0,19.0
WEAPONS VIOLATION,SMALL RETAIL STORE,,,3.0,,1.0,1.0,2.0,1.0,1.0,1.0,1.0,2.0,,,,3.0,,2.0,3.0,,1.0,,2.0,2.0,,1.0,1.0,1.0,,,1.0,,1.0,2.0,,3.0,,,1.0,2.0,,,2.0,,1.0,2.0,1.0,1.0,1.0,,,1.0,3.0,3.0,1.0,1.0,,4.0,,2.0,1.0,,1.0,,,1.0,1.0,,,1.0,,1.0,,,,1.0,,1.0,,,,
WEAPONS VIOLATION,SPORTS ARENA/STADIUM,,,,,,,,,,,1.0,,,,,1.0,,,,,,,,,,,,,,,,,,,,,,,,,,1.0,,,,,,,,,,,,,,,,,,,,,1.0,,,,,,,,,,,,,,,,,,,
WEAPONS VIOLATION,STREET,72.0,55.0,82.0,81.0,105.0,77.0,102.0,87.0,87.0,78.0,64.0,51.0,70.0,33.0,64.0,72.0,109.0,97.0,91.0,94.0,71.0,104.0,69.0,80.0,70.0,64.0,71.0,73.0,91.0,90.0,82.0,91.0,105.0,78.0,70.0,72.0,72.0,60.0,58.0,67.0,70.0,83.0,67.0,79.0,65.0,53.0,44.0,56.0,59.0,44.0,61.0,89.0,108.0,88.0,91.0,87.0,72.0,65.0,65.0,72.0,76.0,66.0,103.0,93.0,101.0,97.0,121.0,95.0,95.0,98.0,78.0,53.0,48.0,60.0,95.0,79.0,116.0,107.0,98.0,108.0,112.0,35.0
WEAPONS VIOLATION,TAVERN/LIQUOR STORE,1.0,,,,,,1.0,,,1.0,1.0,1.0,1.0,1.0,,,,,,,,,,,,,,,,,,,,,2.0,1.0,,,,1.0,,,,,,,,,1.0,,,1.0,,,1.0,,,,,,,,,,1.0,,1.0,,,,,,1.0,1.0,1.0,1.0,,,,1.0,,
WEAPONS VIOLATION,TAXICAB,,,,,,,,,,,,,,,,,,,,,,,,,,,,,,,,,1.0,,,,,,,,,,,,,,,,,,,,,,,,,,,,,,,,,1.0,,,,,,,,,,,,,,,,
WEAPONS VIOLATION,VACANT LOT/LAND,2.0,2.0,4.0,2.0,1.0,2.0,1.0,,2.0,3.0,1.0,2.0,2.0,,1.0,6.0,4.0,5.0,2.0,7.0,2.0,8.0,5.0,4.0,3.0,4.0,4.0,3.0,2.0,1.0,,7.0,2.0,3.0,2.0,2.0,2.0,,1.0,2.0,1.0,1.0,2.0,3.0,2.0,6.0,1.0,,1.0,,4.0,5.0,4.0,3.0,5.0,2.0,2.0,1.0,1.0,3.0,2.0,,4.0,5.0,3.0,2.0,3.0,3.0,6.0,1.0,1.0,2.0,1.0,1.0,5.0,3.0,1.0,5.0,3.0,2.0,4.0,1.0
WEAPONS VIOLATION,VEHICLE - OTHER RIDE SERVICE,,,,,,,,,,,,,,,,,,,,,,,,,,,,,,,,,,,,,,,,,,,,,,,,,,,,,,,,,,,,,,,,,,,1.0,,,,,,,,,,,,,,,
WEAPONS VIOLATION,VEHICLE NON-COMMERCIAL,7.0,10.0,7.0,8.0,9.0,10.0,9.0,8.0,7.0,7.0,8.0,7.0,8.0,5.0,5.0,5.0,7.0,11.0,7.0,11.0,9.0,10.0,12.0,11.0,8.0,7.0,11.0,7.0,8.0,9.0,4.0,11.0,11.0,7.0,9.0,11.0,17.0,2.0,5.0,4.0,9.0,7.0,11.0,12.0,6.0,8.0,6.0,4.0,6.0,4.0,6.0,4.0,9.0,6.0,9.0,4.0,5.0,8.0,6.0,7.0,12.0,4.0,8.0,8.0,9.0,8.0,10.0,8.0,6.0,6.0,12.0,9.0,10.0,11.0,10.0,16.0,15.0,9.0,11.0,10.0,7.0,3.0
WEAPONS VIOLATION,VEHICLE-COMMERCIAL,,,,,,,,,,,,,,,,,,,,,,,,1.0,,,,,,,,,,,,,,,,,,,,,,,,1.0,,,,,,,,,,,,,,,,1.0,,,,1.0,,,1.0,,,,,,1.0,,,,,
WEAPONS VIOLATION,WAREHOUSE,,,,,,,,,,,,,,,,,,,,,,,,1.0,,,,,,,1.0,,,,,,,,,,,,,,,,,,,,,,,1.0,,,,,,1.0,,,,,,,,,,1.0,,,,,,,,,,,,
